<customapiresponseproperty uniquename="DocumentId">
  <description default="Id of the document related to the request.">
    <label description="Id of the document related to the request." languagecode="1033" />
  </description>
  <displayname default="Document id">
    <label description="Document id" languagecode="1033" />
  </displayname>
  <iscustomizable>1</iscustomizable>
  <logicalentityname>msfsi_document</logicalentityname>
  <name>Document id</name>
  <type>5</type>
</customapiresponseproperty>