<manifest><control namespace="MicrosoftPCF" constructor="CustomerSnapshotControl" version="1.4.0" display-name-key="CustomerSnapshotControl" description-key="CustomerSnapshotControl description" control-type="standard" api-version="1.3.3"><type-group name="Entity"><type>SingleLine.Text</type><type>Lookup.Customer</type><type>Lookup.Simple</type></type-group><property name="dummy" display-name-key="Dummy_Key" description-key="Dummy_Desc_Key" of-type-group="Entity" usage="bound" required="true" /><property name="entityId" display-name-key="ENTITY_ID" description-key="ENTITY_ID_DESC" of-type-group="Entity" usage="input" required="true" /><property name="formId" display-name-key="FORM_ID" description-key="FORM_ID_DESC" of-type="SingleLine.Text" usage="input" required="true" /><property name="linkToEntityField" display-name-key="LINK_ENTITY_FIELD" description-key="LINK_ENTITY_FIELD_DESC" of-type="SingleLine.Text" usage="input" /><resources><code path="bundle.js" order="1" /><resx path="strings/CustomerSnapshotControl.3082.resx" version="1.0.0" /><resx path="strings/CustomerSnapshotControl.1040.resx" version="1.0.0" /><resx path="strings/CustomerSnapshotControl.1031.resx" version="1.0.0" /><resx path="strings/CustomerSnapshotControl.1043.resx" version="1.0.0" /><resx path="strings/CustomerSnapshotControl.1036.resx" version="1.0.0" /><resx path="strings/CustomerSnapshotControl.1033.resx" version="1.0.0" /><resx path="strings/CustomerSnapshotControl.1046.resx" version="1.0.0" /><resx path="strings/CustomerSnapshotControl.1028.resx" version="1.0.0" /><css path="CustomerSnapshotControl.css" order="1" /><img path="connect_error.png" /><img path="create.png" /><img path="create48.png" /><img path="create100.png" /><img path="emptyState.png" /><img path="emptyState48.png" /><img path="emptyState100.png" /><img path="emptyStateFolder100.png" /><img path="error.png" /><img path="error48.png" /><img path="error100.png" /></resources><feature-usage><uses-feature name="WebAPI" required="true" /><uses-feature name="Utility" required="true" /></feature-usage><built-by name="pac" version="1.9.9" /></control></manifest>