<?xml version="1.0" encoding="UTF-8" standalone="yes"?>
<manifest>
  <control namespace="MicrosoftPCF" constructor="OnboardingApplicationAssetsAndLiabilitiesControl" version="1.4.0" display-name-key="OnboardingApplicationAssetsAndLiabilitiesControl" description-key="OnboardingApplicationAssetsAndLiabilitiesControl description" control-type="virtual" api-version="1.3.3">
    <external-service-usage enabled="false"/>
    <type-group name="TextOrLookup">
      <type>SingleLine.Text</type>
      <type>Lookup.Simple</type>
    </type-group>
    <property name="dummy" display-name-key="APPLICANT_BOUND" description-key="APPLICANT_ID_BOUND_DESC" of-type-group="TextOrLookup" usage="bound" required="true"/>
    <property name="applicantId" display-name-key="APPLICANT_ID_KEY" description-key="APPLICANT_ID_KEY_DESC" of-type-group="TextOrLookup" usage="input" required="true"/>
    <property name="component" display-name-key="COMPONENT" description-key="COMPONENT_DESC" of-type="Enum" usage="input" required="true" default-value="0">
      <value name="AssetsAndLiabilitiesGrid" display-name-key="ASSETS_AND_LIABILITIES_GRID" description-key="ASSETS_AND_LIABILITIES_GRID_DESC">0</value>
      <value name="AssetsAndLiabilitesWidget" display-name-key="ASSETS_AND_LIABILITIES_WIDGET" description-key="ASSETS_AND_LIABILITIES_WIDGET_DESC">1</value>
    </property>
    <resources>
      <code path="bundle.js" order="1"/>
      <css path="OnboardingApplicationAssetsAndLiabilitiesControl.css" order="1"/>
      <resx path="strings/OnboardingApplicationAssetsAndLiabilitiesControl.1033.resx" version="1.0.0"/>
      <img path="error100.png"/>
      <img path="emptyState.png"/>
      <platform-library name="React" version="16.8.6"/>
      <platform-library name="Fluent" version="8.29.0"/>
    </resources>
    <feature-usage>
      <uses-feature name="WebAPI" required="true"/>
      <uses-feature name="Utility" required="true"/>
    </feature-usage>
    <built-by name="pac" version="1.19.4"/>
  </control>
</manifest>