{
  "properties": {
    "connectionReferences": {
      "shared_commondataserviceforapps": {
        "runtimeSource": "embedded",
        "connection": {
          "connectionReferenceLogicalName": "msfsi_sharedcommondataserviceforapps_7e301"
        },
        "api": {
          "name": "shared_commondataserviceforapps"
        }
      }
    },
    "definition": {
      "$schema": "https://schema.management.azure.com/providers/Microsoft.Logic/schemas/2016-06-01/workflowdefinition.json#",
      "contentVersion": "1.0.0.0",
      "parameters": {
        "$connections": {
          "defaultValue": {},
          "type": "Object"
        },
        "$authentication": {
          "defaultValue": {},
          "type": "SecureObject"
        }
      },
      "triggers": {
        "When_a_row_is_added,_modified_or_deleted": {
          "metadata": {
            "operationMetadataId": "13b46353-12e6-4ecb-a1a6-d4b0a9d7b1a9"
          },
          "type": "OpenApiConnectionWebhook",
          "inputs": {
            "host": {
              "connectionName": "shared_commondataserviceforapps",
              "operationId": "SubscribeWebhookTrigger",
              "apiId": "/providers/Microsoft.PowerApps/apis/shared_commondataserviceforapps"
            },
            "parameters": {
              "subscriptionRequest/message": 1,
              "subscriptionRequest/entityname": "msfsi_application",
              "subscriptionRequest/scope": 4,
              "subscriptionRequest/filterexpression": "msfsi_businessscenario eq 104800001"
            },
            "authentication": "@parameters('$authentication')"
          }
        }
      },
      "actions": {
        "Perform_a_bound_action": {
          "runAfter": {},
          "metadata": {
            "operationMetadataId": "6a54b761-c9dd-4933-8283-28152d92206c"
          },
          "type": "OpenApiConnection",
          "inputs": {
            "host": {
              "connectionName": "shared_commondataserviceforapps",
              "operationId": "PerformBoundAction",
              "apiId": "/providers/Microsoft.PowerApps/apis/shared_commondataserviceforapps"
            },
            "parameters": {
              "entityName": "queues",
              "actionName": "Microsoft.Dynamics.CRM.AddToQueue",
              "recordId": "319ebf2c-cebc-ed11-83ff-002248081af8",
              "item/Target": "msfsi_applications(@{triggerOutputs()?['body/msfsi_applicationid']})"
            },
            "authentication": "@parameters('$authentication')"
          }
        }
      }
    },
    "templateName": ""
  },
  "schemaVersion": "1.0.0.0"
}