{
  "properties": {
    "connectionReferences": {
      "shared_commondataserviceforapps": {
        "runtimeSource": "embedded",
        "connection": {
          "connectionReferenceLogicalName": "msfsi_sharedcommondataserviceforapps_7e301"
        },
        "api": {
          "name": "shared_commondataserviceforapps"
        }
      }
    },
    "definition": {
      "$schema": "https://schema.management.azure.com/providers/Microsoft.Logic/schemas/2016-06-01/workflowdefinition.json#",
      "contentVersion": "1.0.0.0",
      "parameters": {
        "$connections": {
          "defaultValue": {},
          "type": "Object"
        },
        "$authentication": {
          "defaultValue": {},
          "type": "SecureObject"
        }
      },
      "triggers": {
        "When_a_row_is_added,_modified_or_deleted": {
          "metadata": {
            "operationMetadataId": "c68fdc2e-5729-4f7a-8630-aef32a524acf"
          },
          "type": "OpenApiConnectionWebhook",
          "inputs": {
            "host": {
              "connectionName": "shared_commondataserviceforapps",
              "operationId": "SubscribeWebhookTrigger",
              "apiId": "/providers/Microsoft.PowerApps/apis/shared_commondataserviceforapps"
            },
            "parameters": {
              "subscriptionRequest/message": 1,
              "subscriptionRequest/entityname": "msfsi_relatedpartycontract",
              "subscriptionRequest/scope": 4
            },
            "authentication": "@parameters('$authentication')"
          }
        }
      },
      "actions": {
        "Add_a_new_row": {
          "runAfter": {
            "Get_identification_document_definition": [
              "Succeeded"
            ]
          },
          "metadata": {
            "operationMetadataId": "44d9a539-4bda-46f7-b14d-71a2b5c2e82d"
          },
          "type": "OpenApiConnection",
          "inputs": {
            "host": {
              "connectionName": "shared_commondataserviceforapps",
              "operationId": "CreateRecord",
              "apiId": "/providers/Microsoft.PowerApps/apis/shared_commondataserviceforapps"
            },
            "parameters": {
              "entityName": "msfsi_documentrequests",
              "item/msfsi_documentdefinition@odata.bind": "msfsi_documentdefinitions(@{outputs('Get_identification_document_definition')?['body/msfsi_documentdefinitionid']})",
              "item/msfsi_hasautomaticflow": "@outputs('Get_identification_document_definition')?['body/msfsi_hasautomaticflow']",
              "item/msfsi_name": "@triggerOutputs()?['body/msfsi_name']",
              "item/msfsi_context_msfsi_application@odata.bind": "msfsi_relatedpartycontracts(@{triggerOutputs()?['body/_msfsi_contractpart_value']})",
              "item/msfsi_regarding_msfsi_relatedpartycontract@odata.bind": "msfsi_relatedpartycontracts(@{triggerOutputs()?['body/msfsi_relatedpartycontractid']})",
              "item/msfsi_state": 104800000,
              "item/msfsi_stateupdatedon": "@utcNow()",
              "item/statuscode": 1
            },
            "authentication": "@parameters('$authentication')"
          }
        },
        "Get_identification_document_definition": {
          "runAfter": {},
          "metadata": {
            "operationMetadataId": "5e6b31a2-62ac-46af-b0be-f153796b8ba5"
          },
          "type": "OpenApiConnection",
          "inputs": {
            "host": {
              "connectionName": "shared_commondataserviceforapps",
              "operationId": "GetItem",
              "apiId": "/providers/Microsoft.PowerApps/apis/shared_commondataserviceforapps"
            },
            "parameters": {
              "entityName": "msfsi_documentdefinitions",
              "recordId": "fcf0c52f-f1a7-44d9-9c51-99e0ce0f5490"
            },
            "authentication": "@parameters('$authentication')"
          }
        }
      }
    },
    "templateName": ""
  },
  "schemaVersion": "1.0.0.0"
}