<msfsi_taskgroups>
  <msfsi_taskgroup msfsi_taskgroupid="fa126d0b-e2d0-ed11-a7c7-000d3a549c38">
    <iscustomizable>1</iscustomizable>
    <msfsi_businessscenario>104800001</msfsi_businessscenario>
    <msfsi_name default="Application information">
      <label description="Application information" languagecode="1033" />
    </msfsi_name>
    <msfsi_order>1</msfsi_order>
    <statecode>0</statecode>
    <statuscode>1</statuscode>
  </msfsi_taskgroup>
  <msfsi_taskgroup msfsi_taskgroupid="3c8d606d-e2d0-ed11-a7c7-000d3a549c38">
    <iscustomizable>1</iscustomizable>
    <msfsi_businessscenario>104800001</msfsi_businessscenario>
    <msfsi_name default="Parties information">
      <label description="Parties information" languagecode="1033" />
    </msfsi_name>
    <msfsi_order>2</msfsi_order>
    <statecode>0</statecode>
    <statuscode>1</statuscode>
  </msfsi_taskgroup>
  <msfsi_taskgroup msfsi_taskgroupid="ae53167a-e2d0-ed11-a7c7-000d3a549c38">
    <iscustomizable>1</iscustomizable>
    <msfsi_businessscenario>104800001</msfsi_businessscenario>
    <msfsi_name default="Declared assets and liabilities">
      <label description="Declared assets and liabilities" languagecode="1033" />
    </msfsi_name>
    <msfsi_order>3</msfsi_order>
    <statecode>0</statecode>
    <statuscode>1</statuscode>
  </msfsi_taskgroup>
  <msfsi_taskgroup msfsi_taskgroupid="25ca4a80-e2d0-ed11-a7c7-000d3a549c38">
    <iscustomizable>1</iscustomizable>
    <msfsi_businessscenario>104800001</msfsi_businessscenario>
    <msfsi_name default="Declared income and expenses">
      <label description="Declared income and expenses" languagecode="1033" />
    </msfsi_name>
    <msfsi_order>4</msfsi_order>
    <statecode>0</statecode>
    <statuscode>1</statuscode>
  </msfsi_taskgroup>
  <msfsi_taskgroup msfsi_taskgroupid="6beeba73-e2d0-ed11-a7c7-000d3a549c38">
    <iscustomizable>1</iscustomizable>
    <msfsi_businessscenario>104800001</msfsi_businessscenario>
    <msfsi_name default="Documents">
      <label description="Documents" languagecode="1033" />
    </msfsi_name>
    <msfsi_order>5</msfsi_order>
    <statecode>0</statecode>
    <statuscode>1</statuscode>
  </msfsi_taskgroup>
</msfsi_taskgroups>