<?xml version="1.0" encoding="UTF-8" standalone="yes"?>
<manifest>
  <control namespace="MicrosoftPCF" constructor="OnboardingApplicationQueueControl" version="1.4.0" display-name-key="OnboardingApplicationQueueControl" description-key="OnboardingApplicationQueueControl description" control-type="virtual" api-version="1.3.3">
    <external-service-usage enabled="false"/>
    <data-set name="applications" display-name-key="APPLICATIONS_DATASET_NAME" cds-data-set-options="displayCommandBar:false;displayQuickFind:false"/>
    <property name="primaryCustomer" display-name-key="PRIMARY_CUSTOMER" description-key="PRIMARY_CUSTOMER_DESC" usage="input" of-type="SingleLine.Text" required="true" default-value="msfsi_primaryapplicant"/>
    <property name="name" display-name-key="NAME" description-key="NAME_DESC" usage="input" of-type="SingleLine.Text" required="true" default-value="msfsi_name"/>
    <property name="subtitle" display-name-key="SUBTITLE" description-key="SUBTITLE_DESC" usage="input" of-type="SingleLine.Text" required="false" default-value="msfsi_category"/>
    <property name="date" display-name-key="DATE" description-key="DATE_DESC" usage="input" of-type="SingleLine.Text" required="false" default-value="createdon"/>
    <property name="status" display-name-key="STATUS" description-key="STATUS_DESC" usage="input" of-type="SingleLine.Text" required="false" default-value="statuscode"/>
    <property name="approvedStatusIds" display-name-key="APPROVED_STATUS_IDS" description-key="APPROVED_STATUS_IDS_DESC" usage="input" of-type="SingleLine.Text" required="false"/>
    <property name="rejectedStatusIds" display-name-key="REJECTED_STATUS_IDS" description-key="REJECTED_STATUS_IDS_DESC" usage="input" of-type="SingleLine.Text" required="false"/>
    <property name="pendingStatusIds" display-name-key="PENDING_STATUS_IDS" description-key="PENDING_STATUS_IDS_DESC" usage="input" of-type="SingleLine.Text" required="false"/>
    <property name="formId" display-name-key="FORM_ID" description-key="FORM_ID_DESC" usage="input" of-type="SingleLine.Text" required="true"/>
    <property name="entityName" display-name-key="ENTITY_NAME" description-key="ENTITY_NAME_DESC" usage="input" of-type="SingleLine.Text" required="true" default-value="msfsi_application"/>
    <property name="archiveActionName" display-name-key="ARCHIVE_ACTION_NAME" description-key="ARCHIVE_ACTION_NAME_DESC" usage="input" of-type="SingleLine.Text" required="false"/>
    <resources>
      <code path="bundle.js" order="1"/>
      <img path="emptyState.png"/>
      <img path="error.png"/>
      <resx path="strings/OnboardingApplicationQueueControl.1028.resx" version="1.0.0"/>
      <resx path="strings/OnboardingApplicationQueueControl.1031.resx" version="1.0.0"/>
      <resx path="strings/OnboardingApplicationQueueControl.1033.resx" version="1.0.0"/>
      <resx path="strings/OnboardingApplicationQueueControl.1036.resx" version="1.0.0"/>
      <resx path="strings/OnboardingApplicationQueueControl.1040.resx" version="1.0.0"/>
      <resx path="strings/OnboardingApplicationQueueControl.1043.resx" version="1.0.0"/>
      <resx path="strings/OnboardingApplicationQueueControl.1046.resx" version="1.0.0"/>
      <resx path="strings/OnboardingApplicationQueueControl.3082.resx" version="1.0.0"/>
      <platform-library name="React" version="16.8.6"/>
      <platform-library name="Fluent" version="8.29.0"/>
    </resources>
    <feature-usage>
      <uses-feature name="WebAPI" required="true"/>
      <uses-feature name="Utility" required="true"/>
    </feature-usage>
    <built-by name="pac" version="1.19.4"/>
  </control>
</manifest>