<ImportExportXml xmlns:xsi="http://www.w3.org/2001/XMLSchema-instance" OrganizationVersion="9.2.25091.130" OrganizationSchemaType="Full" CRMServerServiceabilityVersion="9.2.25091.00130">
  <Entities></Entities>
  <Roles></Roles>
  <Workflows></Workflows>
  <FieldSecurityProfiles></FieldSecurityProfiles>
  <Templates />
  <EntityMaps />
  <EntityRelationships />
  <OrganizationSettings />
  <optionsets />
  <CustomControls>
    <CustomControl>
      <Name>msfsi_MicrosoftPCF.OnboardingApplicationTasksControl</Name>
      <FileName>/Controls/msfsi_MicrosoftPCF.OnboardingApplicationTasksControl/ControlManifest.xml</FileName>
    </CustomControl>
    <CustomControl>
      <Name>msfsi_MicrosoftPCF.FinancialHoldingInformationControl</Name>
      <FileName>/Controls/msfsi_MicrosoftPCF.FinancialHoldingInformationControl/ControlManifest.xml</FileName>
    </CustomControl>
    <CustomControl>
      <Name>msfsi_MicrosoftPCF.InvestmentsPortfoliosControl</Name>
      <FileName>/Controls/msfsi_MicrosoftPCF.InvestmentsPortfoliosControl/ControlManifest.xml</FileName>
    </CustomControl>
    <CustomControl>
      <Name>msfsi_MicrosoftPCF.DocumentIntelligenceDetailsControl</Name>
      <FileName>/Controls/msfsi_MicrosoftPCF.DocumentIntelligenceDetailsControl/ControlManifest.xml</FileName>
    </CustomControl>
    <CustomControl>
      <Name>msfsi_MicrosoftPCF.CustomerSummaryControl</Name>
      <FileName>/Controls/msfsi_MicrosoftPCF.CustomerSummaryControl/ControlManifest.xml</FileName>
    </CustomControl>
    <CustomControl>
      <Name>msfsi_MicrosoftPCF.ApplicantListControl</Name>
      <FileName>/Controls/msfsi_MicrosoftPCF.ApplicantListControl/ControlManifest.xml</FileName>
    </CustomControl>
    <CustomControl>
      <Name>msfsi_MicrosoftPCF.OnboardingApplicationAssetsAndLiabilitiesControl</Name>
      <FileName>/Controls/msfsi_MicrosoftPCF.OnboardingApplicationAssetsAndLiabilitiesControl/ControlManifest.xml</FileName>
    </CustomControl>
    <CustomControl>
      <Name>msfsi_MicrosoftPCF.CustomerSnapshotControl</Name>
      <FileName>/Controls/msfsi_MicrosoftPCF.CustomerSnapshotControl/ControlManifest.xml</FileName>
    </CustomControl>
    <CustomControl>
      <Name>msfsi_MicrosoftPCF.EntitySnapshotControl</Name>
      <FileName>/Controls/msfsi_MicrosoftPCF.EntitySnapshotControl/ControlManifest.xml</FileName>
    </CustomControl>
    <CustomControl>
      <Name>msfsi_MicrosoftPCF.OnboardingApplicationTaskProgressOverviewControl</Name>
      <FileName>/Controls/msfsi_MicrosoftPCF.OnboardingApplicationTaskProgressOverviewControl/ControlManifest.xml</FileName>
    </CustomControl>
    <CustomControl>
      <Name>msfsi_MicrosoftPCF.OnboardingApplicationQueueControl</Name>
      <FileName>/Controls/msfsi_MicrosoftPCF.OnboardingApplicationQueueControl/ControlManifest.xml</FileName>
    </CustomControl>
    <CustomControl>
      <Name>msfsi_MicrosoftPCF.DetailedFHControl</Name>
      <FileName>/Controls/msfsi_MicrosoftPCF.DetailedFHControl/ControlManifest.xml</FileName>
    </CustomControl>
    <CustomControl>
      <Name>msfsi_MicrosoftPCF.OnboardingApplicationIncomeAndExpensesControl</Name>
      <FileName>/Controls/msfsi_MicrosoftPCF.OnboardingApplicationIncomeAndExpensesControl/ControlManifest.xml</FileName>
    </CustomControl>
    <CustomControl>
      <Name>msfsi_MicrosoftPCF.DocumentIntelligenceControl</Name>
      <FileName>/Controls/msfsi_MicrosoftPCF.DocumentIntelligenceControl/ControlManifest.xml</FileName>
    </CustomControl>
    <CustomControl>
      <Name>msfsi_MicrosoftPCF.TaskVerificationControl</Name>
      <FileName>/Controls/msfsi_MicrosoftPCF.TaskVerificationControl/ControlManifest.xml</FileName>
    </CustomControl>
    <CustomControl>
      <Name>msfsi_MicrosoftPCF.FinancialHoldingSelectorControl</Name>
      <FileName>/Controls/msfsi_MicrosoftPCF.FinancialHoldingSelectorControl/ControlManifest.xml</FileName>
    </CustomControl>
  </CustomControls>
  <EntityDataProviders />
  <Languages>
    <Language>1033</Language>
  </Languages>
</ImportExportXml>