<ImportExportXml version="9.2.25091.130" SolutionPackageVersion="9.2" languagecode="1033" generatedBy="CrmLive" xmlns:xsi="http://www.w3.org/2001/XMLSchema-instance" OrganizationVersion="9.2.25091.130" OrganizationSchemaType="Full" CRMServerServiceabilityVersion="9.2.25091.00130">
  <SolutionManifest>
    <UniqueName>PowerAppsToolsTemp_msfsi</UniqueName>
    <LocalizedNames>
      <LocalizedName description="PowerAppsToolsTemp_msfsi" languagecode="1033" />
    </LocalizedNames>
    <Descriptions />
    <Version>1.1</Version>
    <Managed>0</Managed>
    <Publisher>
      <UniqueName>PowerAppsToolsPublisher_msfsi</UniqueName>
      <LocalizedNames>
        <LocalizedName description="PowerAppsToolsPublisher_msfsi" languagecode="1033" />
      </LocalizedNames>
      <Descriptions>
        <Description description="PowerAppsToolsPublisher_msfsi" languagecode="1033" />
      </Descriptions>
      <EMailAddress xsi:nil="true"></EMailAddress>
      <SupportingWebsiteUrl xsi:nil="true"></SupportingWebsiteUrl>
      <CustomizationPrefix>msfsi</CustomizationPrefix>
      <CustomizationOptionValuePrefix>61108</CustomizationOptionValuePrefix>
      <Addresses>
        <Address>
          <AddressNumber>1</AddressNumber>
          <AddressTypeCode>1</AddressTypeCode>
          <City xsi:nil="true"></City>
          <County xsi:nil="true"></County>
          <Country xsi:nil="true"></Country>
          <Fax xsi:nil="true"></Fax>
          <FreightTermsCode xsi:nil="true"></FreightTermsCode>
          <ImportSequenceNumber xsi:nil="true"></ImportSequenceNumber>
          <Latitude xsi:nil="true"></Latitude>
          <Line1 xsi:nil="true"></Line1>
          <Line2 xsi:nil="true"></Line2>
          <Line3 xsi:nil="true"></Line3>
          <Longitude xsi:nil="true"></Longitude>
          <Name xsi:nil="true"></Name>
          <PostalCode xsi:nil="true"></PostalCode>
          <PostOfficeBox xsi:nil="true"></PostOfficeBox>
          <PrimaryContactName xsi:nil="true"></PrimaryContactName>
          <ShippingMethodCode>1</ShippingMethodCode>
          <StateOrProvince xsi:nil="true"></StateOrProvince>
          <Telephone1 xsi:nil="true"></Telephone1>
          <Telephone2 xsi:nil="true"></Telephone2>
          <Telephone3 xsi:nil="true"></Telephone3>
          <TimeZoneRuleVersionNumber xsi:nil="true"></TimeZoneRuleVersionNumber>
          <UPSZone xsi:nil="true"></UPSZone>
          <UTCOffset xsi:nil="true"></UTCOffset>
          <UTCConversionTimeZoneCode xsi:nil="true"></UTCConversionTimeZoneCode>
        </Address>
        <Address>
          <AddressNumber>2</AddressNumber>
          <AddressTypeCode>1</AddressTypeCode>
          <City xsi:nil="true"></City>
          <County xsi:nil="true"></County>
          <Country xsi:nil="true"></Country>
          <Fax xsi:nil="true"></Fax>
          <FreightTermsCode xsi:nil="true"></FreightTermsCode>
          <ImportSequenceNumber xsi:nil="true"></ImportSequenceNumber>
          <Latitude xsi:nil="true"></Latitude>
          <Line1 xsi:nil="true"></Line1>
          <Line2 xsi:nil="true"></Line2>
          <Line3 xsi:nil="true"></Line3>
          <Longitude xsi:nil="true"></Longitude>
          <Name xsi:nil="true"></Name>
          <PostalCode xsi:nil="true"></PostalCode>
          <PostOfficeBox xsi:nil="true"></PostOfficeBox>
          <PrimaryContactName xsi:nil="true"></PrimaryContactName>
          <ShippingMethodCode>1</ShippingMethodCode>
          <StateOrProvince xsi:nil="true"></StateOrProvince>
          <Telephone1 xsi:nil="true"></Telephone1>
          <Telephone2 xsi:nil="true"></Telephone2>
          <Telephone3 xsi:nil="true"></Telephone3>
          <TimeZoneRuleVersionNumber xsi:nil="true"></TimeZoneRuleVersionNumber>
          <UPSZone xsi:nil="true"></UPSZone>
          <UTCOffset xsi:nil="true"></UTCOffset>
          <UTCConversionTimeZoneCode xsi:nil="true"></UTCConversionTimeZoneCode>
        </Address>
      </Addresses>
    </Publisher>
    <RootComponents>
      <RootComponent type="66" schemaName="msfsi_MicrosoftPCF.ApplicantListControl" behavior="0" />
      <RootComponent type="66" schemaName="msfsi_MicrosoftPCF.CustomerSnapshotControl" behavior="0" />
      <RootComponent type="66" schemaName="msfsi_MicrosoftPCF.CustomerSummaryControl" behavior="0" />
      <RootComponent type="66" schemaName="msfsi_MicrosoftPCF.DetailedFHControl" behavior="0" />
      <RootComponent type="66" schemaName="msfsi_MicrosoftPCF.DocumentIntelligenceControl" behavior="0" />
      <RootComponent type="66" schemaName="msfsi_MicrosoftPCF.DocumentIntelligenceDetailsControl" behavior="0" />
      <RootComponent type="66" schemaName="msfsi_MicrosoftPCF.EntitySnapshotControl" behavior="0" />
      <RootComponent type="66" schemaName="msfsi_MicrosoftPCF.FinancialHoldingInformationControl" behavior="0" />
      <RootComponent type="66" schemaName="msfsi_MicrosoftPCF.FinancialHoldingSelectorControl" behavior="0" />
      <RootComponent type="66" schemaName="msfsi_MicrosoftPCF.InvestmentsPortfoliosControl" behavior="0" />
      <RootComponent type="66" schemaName="msfsi_MicrosoftPCF.OnboardingApplicationAssetsAndLiabilitiesControl" behavior="0" />
      <RootComponent type="66" schemaName="msfsi_MicrosoftPCF.OnboardingApplicationIncomeAndExpensesControl" behavior="0" />
      <RootComponent type="66" schemaName="msfsi_MicrosoftPCF.OnboardingApplicationQueueControl" behavior="0" />
      <RootComponent type="66" schemaName="msfsi_MicrosoftPCF.OnboardingApplicationTaskProgressOverviewControl" behavior="0" />
      <RootComponent type="66" schemaName="msfsi_MicrosoftPCF.OnboardingApplicationTasksControl" behavior="0" />
      <RootComponent type="66" schemaName="msfsi_MicrosoftPCF.TaskVerificationControl" behavior="0" />
    </RootComponents>
    <MissingDependencies />
  </SolutionManifest>
</ImportExportXml>