<manifest><control namespace="MicrosoftPCF" constructor="CustomerSummaryControl" version="1.4.0" display-name-key="CustomerSummaryControl" description-key="CustomerSummaryControl description" control-type="standard" api-version="1.3.3"><type-group name="Contact"><type>SingleLine.Text</type><type>Lookup.Customer</type><type>Lookup.Simple</type></type-group><property name="dummy" display-name-key="Dummy_Key" description-key="Dummy_Desc_Key" of-type="SingleLine.Text" usage="bound" required="true" /><property name="contactId" display-name-key="CONTACT" description-key="CONTACT_DESC" of-type-group="Contact" usage="input" required="true" /><property name="component" display-name-key="SELECT_COMPONENT" description-key="SELECT_COMPONENT_DESC" of-type="Enum" usage="input" required="true" default-value="0"><value name="All" display-name-key="SELECT_ALL" description-key="SELECT_ALL_DESC">0</value><value name="LifeEvents" display-name-key="SELECT_LIFE_EVENT" description-key="SELECT_LIFE_EVENT_DESC">2</value><value name="FinancialHoldings" display-name-key="SELECT_FH" description-key="SELECT_FH_DESC">3</value><value name="BankingCards" display-name-key="SELECT_CARDS" description-key="SELECT_CARD_DESC">4</value><value name="MainHousehold" display-name-key="SELECT_MAIN_HOUSEHOLD" description-key="SELECT_MAIN_HOUSEHOLD_DESC">5</value></property><property name="formId" display-name-key="FORM_ID" description-key="FORM_ID_DESC" of-type="SingleLine.Text" usage="input" default-value="75c78db3-068f-ec11-b400-0022480988ea" /><property name="showFinancialInsights" display-name-key="FINANCIAL_INSIGHTS_FEATURE_CUSTOMER_SUMMARY" description-key="FINANCIAL_INSIGHTS_FEATURE_CUSTOMER_SUMMARY_DESC" of-type="Enum" usage="input" default-value="1"><value name="show" display-name-key="SHOW" description-key="FINANCIAL_INSIGHTS_FEATURE_CUSTOMER_SUMMARY_SHOW_DESC">1</value><value name="hide" display-name-key="HIDE" description-key="FINANCIAL_INSIGHTS_FEATURE_CUSTOMER_SUMMARY_HIDE_DESC">0</value></property><property name="enableModifyingLifeEvents" display-name-key="MODIFYING_LIFE_EVENTS_FEATURE" description-key="MODIFYING_LIFE_EVENTS_FEATURE_DESC" of-type="Enum" usage="input" default-value="1"><value name="enable" display-name-key="ENABLE" description-key="MODIFYING_LIFE_EVENTS_FEATURE_ENABLE_DESC">1</value><value name="disable" display-name-key="DISABLE" description-key="MODIFYING_LIFE_EVENTS_FEATURE_DISABLE_DESC">0</value></property><property name="hideLifeEventCategories" display-name-key="LIFE_EVENT_HIDE_CATEGORIES" description-key="LIFE_EVENT_HIDE_CATEGORIES_DESC" of-type="SingleLine.Text" usage="input" /><property name="hideFinancialHoldingCategories" display-name-key="FINANCIAL_HOLDING_HIDE_CATEGORIES" description-key="FINANCIAL_HOLDING_HIDE_CATEGORIES_DESC" of-type="SingleLine.Text" usage="input" /><property name="enableFinancialGoals" display-name-key="FINANCIAL_GOALS_FEATURE_CUSTOMER_SUMMARY" description-key="FINANCIAL_GOALS_FEATURE_CUSTOMER_SUMMARY_DESC" of-type="Enum" usage="input" default-value="0"><value name="enable" display-name-key="ENABLE" description-key="FINANCIAL_GOALS_FEATURE_CUSTOMER_SUMMARY_ENABLE_DESC">1</value><value name="disable" display-name-key="DISABLE" description-key="FINANCIAL_GOALS_FEATURE_CUSTOMER_SUMMARY_DISABLE_DESC">0</value></property><resources><code path="bundle.js" order="1" /><resx path="strings/CustomerSummaryControl.3082.resx" version="1.0.0" /><resx path="strings/CustomerSummaryControl.1040.resx" version="1.0.0" /><resx path="strings/CustomerSummaryControl.1031.resx" version="1.0.0" /><resx path="strings/CustomerSummaryControl.1043.resx" version="1.0.0" /><resx path="strings/CustomerSummaryControl.1036.resx" version="1.0.0" /><resx path="strings/CustomerSummaryControl.1046.resx" version="1.0.0" /><resx path="strings/CustomerSummaryControl.1028.resx" version="1.0.0" /><resx path="strings/CustomerSummaryControl.1033.resx" version="1.0.0" /><img path="connect_error.png" /><img path="create.png" /><img path="create48.png" /><img path="create100.png" /><img path="emptyState.png" /><img path="emptyState48.png" /><img path="emptyState100.png" /><img path="emptyStateFolder100.png" /><img path="error.png" /><img path="error48.png" /><img path="error100.png" /><img path="no_access100.png" /><img path="no_access48.png" /></resources><feature-usage><uses-feature name="WebAPI" required="true" /><uses-feature name="Utility" required="true" /></feature-usage><built-by name="pac" version="1.9.9" /></control></manifest>