<customapiresponseproperty uniquename="AnnotationId">
  <description default="Id of the annotation related to the request.">
    <label description="Id of the annotation related to the request." languagecode="1033" />
  </description>
  <displayname default="Annotation id">
    <label description="Annotation id" languagecode="1033" />
  </displayname>
  <iscustomizable>1</iscustomizable>
  <logicalentityname>annotation</logicalentityname>
  <name>Annotation id</name>
  <type>5</type>
</customapiresponseproperty>