<?xml version="1.0" encoding="UTF-8" standalone="yes"?>
<manifest>
  <control namespace="MicrosoftPCF" constructor="EntitySnapshotControl" version="1.4.0" display-name-key="Entity Snapshot" description-key="Display data from any entity in a user-friendly manner" control-type="virtual" api-version="1.3.3">
    <type-group name="Entity">
      <type>SingleLine.Text</type>
      <type>Lookup.Customer</type>
      <type>Lookup.Simple</type>
    </type-group>
    <property name="dummy" display-name-key="Dummy_Key" description-key="Dummy_Desc_Key" of-type-group="Entity" usage="bound" required="true"/>
    <property name="entityId" display-name-key="ENTITY_ID" description-key="ENTITY_ID_DESC" of-type-group="Entity" usage="input" required="true"/>
    <property name="formId" display-name-key="FORM_ID" description-key="FORM_ID_DESC" of-type="SingleLine.Text" usage="input" required="true"/>
    <property name="linkToEntityField" display-name-key="LINK_ENTITY_FIELD" description-key="LINK_ENTITY_FIELD_DESC" of-type="SingleLine.Text" usage="input"/>
    <property name="titleVisibility" display-name-key="TITLE_VISIBILITY" description-key="TITLE_VISIBILITY_DESC" of-type="Enum" usage="input" default-value="1">
      <value name="show" display-name-key="SHOW" description-key="">1</value>
      <value name="hide" display-name-key="HIDE" description-key="">0</value>
    </property>
    <resources>
      <code path="bundle.js" order="1"/>
      <resx path="strings/EntitySnapshotControl.1046.resx" version="1.0.0"/>
      <resx path="strings/EntitySnapshotControl.1028.resx" version="1.0.0"/>
      <resx path="strings/EntitySnapshotControl.3082.resx" version="1.0.0"/>
      <resx path="strings/EntitySnapshotControl.1040.resx" version="1.0.0"/>
      <resx path="strings/EntitySnapshotControl.1031.resx" version="1.0.0"/>
      <resx path="strings/EntitySnapshotControl.1043.resx" version="1.0.0"/>
      <resx path="strings/EntitySnapshotControl.1036.resx" version="1.0.0"/>
      <resx path="strings/EntitySnapshotControl.1033.resx" version="1.0.0"/>
      <platform-library name="React" version="16.8.6"/>
      <platform-library name="Fluent" version="8.29.0"/>
      <css path="EntitySnapshotControl.css" order="1"/>
      <img path="connect_error.png"/>
      <img path="create.png"/>
      <img path="create48.png"/>
      <img path="create100.png"/>
      <img path="emptyState.png"/>
      <img path="emptyState48.png"/>
      <img path="emptyState100.png"/>
      <img path="emptyStateFolder100.png"/>
      <img path="error.png"/>
      <img path="error48.png"/>
      <img path="error100.png"/>
    </resources>
    <feature-usage>
      <uses-feature name="WebAPI" required="true"/>
      <uses-feature name="Utility" required="true"/>
    </feature-usage>
    <built-by name="pac" version="1.19.4"/>
  </control>
</manifest>