<msfsi_relatedpartyroles>
  <msfsi_relatedpartyrole msfsi_relatedpartyroleid="372929d1-f6b9-4c50-ae21-9235b318636e">
    <iscustomizable>1</iscustomizable>
    <msfsi_businessscenario>104800001</msfsi_businessscenario>
    <msfsi_name default="Co-Borrower">
      <label description="Co-Borrower" languagecode="1033" />
    </msfsi_name>
    <statecode>0</statecode>
    <statuscode>1</statuscode>
  </msfsi_relatedpartyrole>
  <msfsi_relatedpartyrole msfsi_relatedpartyroleid="663b6b74-f19b-42a2-8d3c-0266fcd7fe35">
    <iscustomizable>1</iscustomizable>
    <msfsi_businessscenario>104800001</msfsi_businessscenario>
    <msfsi_name default="Guarantor">
      <label description="Guarantor" languagecode="1033" />
    </msfsi_name>
    <statecode>0</statecode>
    <statuscode>1</statuscode>
  </msfsi_relatedpartyrole>
  <msfsi_relatedpartyrole msfsi_relatedpartyroleid="bf658a3f-9f30-400b-97ca-73ca20dce9c0">
    <iscustomizable>1</iscustomizable>
    <msfsi_businessscenario>104800001</msfsi_businessscenario>
    <msfsi_name default="Co-signer">
      <label description="Co-signer" languagecode="1033" />
    </msfsi_name>
    <statecode>0</statecode>
    <statuscode>1</statuscode>
  </msfsi_relatedpartyrole>
</msfsi_relatedpartyroles>