<msfsi_tasknavigations>
  <msfsi_tasknavigation msfsi_tasknavigationid="0211ab7c-e3d0-ed11-a7c7-000d3a549c38">
    <iscustomizable>1</iscustomizable>
    <msfsi_name default="Open application information tab">
      <label description="Open application information tab" languagecode="1033" />
    </msfsi_name>
    <msfsi_navigationdetails>tab_application_information</msfsi_navigationdetails>
    <msfsi_navigationtype>104800000</msfsi_navigationtype>
    <statecode>0</statecode>
    <statuscode>1</statuscode>
  </msfsi_tasknavigation>
  <msfsi_tasknavigation msfsi_tasknavigationid="f00973ab-e3d0-ed11-a7c7-000d3a549c38">
    <iscustomizable>1</iscustomizable>
    <msfsi_name default="Open parties information tab">
      <label description="Open parties information tab" languagecode="1033" />
    </msfsi_name>
    <msfsi_navigationdetails>parties_information_tab</msfsi_navigationdetails>
    <msfsi_navigationtype>104800000</msfsi_navigationtype>
    <statecode>0</statecode>
    <statuscode>1</statuscode>
  </msfsi_tasknavigation>
  <msfsi_tasknavigation msfsi_tasknavigationid="312a4ee2-e3d0-ed11-a7c7-000d3a549c38">
    <iscustomizable>1</iscustomizable>
    <msfsi_name default="Open assets and liabilities tab">
      <label description="Open assets and liabilities tab" languagecode="1033" />
    </msfsi_name>
    <msfsi_navigationdetails>assets_and_liabilities_tab</msfsi_navigationdetails>
    <msfsi_navigationtype>104800000</msfsi_navigationtype>
    <statecode>0</statecode>
    <statuscode>1</statuscode>
  </msfsi_tasknavigation>
  <msfsi_tasknavigation msfsi_tasknavigationid="d0ed84f2-e3d0-ed11-a7c7-000d3a549c38">
    <iscustomizable>1</iscustomizable>
    <msfsi_name default="Open income and expenses tab">
      <label description="Open income and expenses tab" languagecode="1033" />
    </msfsi_name>
    <msfsi_navigationdetails>income_and_expenses_tab</msfsi_navigationdetails>
    <msfsi_navigationtype>104800000</msfsi_navigationtype>
    <statecode>0</statecode>
    <statuscode>1</statuscode>
  </msfsi_tasknavigation>
  <msfsi_tasknavigation msfsi_tasknavigationid="aa9a4bd1-e3d0-ed11-a7c7-000d3a549c38">
    <iscustomizable>1</iscustomizable>
    <msfsi_name default="Open documents tab">
      <label description="Open documents tab" languagecode="1033" />
    </msfsi_name>
    <msfsi_navigationdetails>documents_tab</msfsi_navigationdetails>
    <msfsi_navigationtype>104800000</msfsi_navigationtype>
    <statecode>0</statecode>
    <statuscode>1</statuscode>
  </msfsi_tasknavigation>
</msfsi_tasknavigations>
