<msfsi_onboardingscenariodefinitions>
    <msfsi_onboardingscenariodefinition msfsi_onboardingscenariodefinitionid="62e7897f-a814-4632-b401-002fb1b1754c">
    <iscustomizable>1</iscustomizable>
    <msfsi_businessprocessflow>
    <workflowid>037a707e-1bb8-ed11-83fe-000d3a179469</workflowid>
    </msfsi_businessprocessflow>
    <msfsi_businessscenario>104800001</msfsi_businessscenario>
    <msfsi_name default="Loan">
    <label description="Loan" languagecode="1033"/>
    </msfsi_name>
    <statecode>0</statecode>
    <statuscode>1</statuscode>
    </msfsi_onboardingscenariodefinition>
</msfsi_onboardingscenariodefinitions>