<msfsi_documentdefinitions>
  <msfsi_documentdefinition msfsi_documentdefinitionid="fcf0c52f-f1a7-44d9-9c51-99e0ce0f5490">
    <iscustomizable>1</iscustomizable>
    <msfsi_description default="Identity document such as ID, passport or driving license.">
      <label description="Identity document such as ID, passport or driving license." languagecode="1033" />
    </msfsi_description>
    <msfsi_hasautomaticflow>1</msfsi_hasautomaticflow>
    <msfsi_name default="Identification">
      <label description="Identification" languagecode="1033" />
    </msfsi_name>
    <msfsi_relevantscenarios>[-1,104800001,-1]</msfsi_relevantscenarios>
    <msfsi_type>104800004</msfsi_type>
    <statecode>0</statecode>
    <statuscode>1</statuscode>
  </msfsi_documentdefinition>
  <msfsi_documentdefinition msfsi_documentdefinitionid="6cd2548e-475d-4ce1-a4de-f865b6c88a66">
    <iscustomizable>1</iscustomizable>
    <msfsi_hasautomaticflow>0</msfsi_hasautomaticflow>
    <msfsi_name default="Income statement">
      <label description="Income statement" languagecode="1033" />
    </msfsi_name>
    <msfsi_relevantscenarios>[-1,104800001,-1]</msfsi_relevantscenarios>
    <msfsi_type>104800001</msfsi_type>
    <statecode>0</statecode>
    <statuscode>1</statuscode>
  </msfsi_documentdefinition>
</msfsi_documentdefinitions>