<?xml version="1.0" encoding="UTF-8" standalone="yes"?>
<manifest>
  <control namespace="MicrosoftPCF" constructor="OnboardingApplicationTasksControl" version="1.4.0" display-name-key="OnboardingApplicationTasksControl" description-key="OnboardingApplicationTasksControl description" control-type="standard" api-version="1.3.3">
    <property name="applicationId" display-name-key="APPLICATION_ID_NAME" description-key="APPLICATION_ID_DESC" of-type="SingleLine.Text" usage="input" required="true"/>
    <property name="selectedTasksGroup" display-name-key="SELECTED_TASKS_PLACEHOLDER_GROUP" description-key="SELECTED_TASKS_PLACEHOLDER_GROUP_DESC" of-type="SingleLine.Text" usage="bound" required="true"/>
    <resources>
      <code path="bundle.js" order="1"/>
      <css path="tasksTab.css" order="1"/>
      <resx path="strings/OnboardingApplicationTasksControl.3082.resx" version="1.0.0"/>
      <resx path="strings/OnboardingApplicationTasksControl.1040.resx" version="1.0.0"/>
      <resx path="strings/OnboardingApplicationTasksControl.1031.resx" version="1.0.0"/>
      <resx path="strings/OnboardingApplicationTasksControl.1043.resx" version="1.0.0"/>
      <resx path="strings/OnboardingApplicationTasksControl.1036.resx" version="1.0.0"/>
      <resx path="strings/OnboardingApplicationTasksControl.1033.resx" version="1.0.0"/>
      <img path="emptyState.png"/>
      <img path="error.png"/>
    </resources>
    <feature-usage>
      <uses-feature name="WebAPI" required="true"/>
      <uses-feature name="Utility" required="true"/>
    </feature-usage>
    <built-by name="pac" version="1.19.4"/>
  </control>
</manifest>