<customapi uniquename="msfsi_DeleteDocument">
  <allowedcustomprocessingsteptype>0</allowedcustomprocessingsteptype>
  <bindingtype>1</bindingtype>
  <boundentitylogicalname>msfsi_documentrequest</boundentitylogicalname>
  <description default="Delete document's related records, possibly delete the request.">
    <label description="Delete document's related records, possibly delete the request." languagecode="1033" />
  </description>
  <displayname default="Delete document">
    <label description="Delete document" languagecode="1033" />
  </displayname>
  <iscustomizable>1</iscustomizable>
  <isfunction>0</isfunction>
  <isprivate>0</isprivate>
  <name>Delete document</name>
  <plugintypeid>
    <plugintypeid>4840838e-a22d-46da-a2fc-ad79b33f7a67</plugintypeid>
  </plugintypeid>
  <workflowsdkstepenabled>1</workflowsdkstepenabled>
</customapi>