{
  "properties": {
    "connectionReferences": {
      "shared_commondataserviceforapps": {
        "runtimeSource": "embedded",
        "connection": {
          "connectionReferenceLogicalName": "msfsi_sharedcommondataserviceforapps_b8eb3"
        },
        "api": {
          "name": "shared_commondataserviceforapps"
        }
      }
    },
    "definition": {
      "$schema": "https://schema.management.azure.com/providers/Microsoft.Logic/schemas/2016-06-01/workflowdefinition.json#",
      "contentVersion": "1.0.0.0",
      "parameters": {
        "$connections": {
          "defaultValue": {},
          "type": "Object"
        },
        "$authentication": {
          "defaultValue": {},
          "type": "SecureObject"
        }
      },
      "triggers": {
        "manual": {
          "metadata": {
            "operationMetadataId": "c133e233-e008-464b-b490-6e3529c1af0c"
          },
          "type": "Request",
          "kind": "Button",
          "inputs": {
            "schema": {
              "type": "object",
              "properties": {
                "text": {
                  "title": "Pipeline step Definition Id",
                  "type": "string",
                  "x-ms-dynamically-added": true,
                  "description": "Please enter your input",
                  "x-ms-content-hint": "TEXT"
                },
                "text_1": {
                  "title": "Document Pipeline Id",
                  "type": "string",
                  "x-ms-dynamically-added": true,
                  "description": "Please enter your input",
                  "x-ms-content-hint": "TEXT"
                }
              },
              "required": [
                "text",
                "text_1"
              ]
            }
          }
        }
      },
      "actions": {
        "Add_new_Document_Pipeline_step_record": {
          "runAfter": {},
          "metadata": {
            "operationMetadataId": "d2cfe8cc-a6ab-4f9b-9a2f-f50e3483e972"
          },
          "type": "OpenApiConnection",
          "inputs": {
            "host": {
              "connectionName": "shared_commondataserviceforapps",
              "operationId": "CreateRecord",
              "apiId": "/providers/Microsoft.PowerApps/apis/shared_commondataserviceforapps"
            },
            "parameters": {
              "entityName": "msfsi_documentpipelinesteps",
              "item/msfsi_name": "@{triggerBody()['text']} at @{utcNow()}",
              "item/msfsi_documentpipeline@odata.bind": "/msfsi_documentpipelines(@{triggerBody()['text_1']})",
              "item/msfsi_pipelinestepdefinition@odata.bind": "/msfsi_pipelinestepdefinitions(@{triggerBody()['text']})",
              "item/msfsi_pipelinestepdocumentstate": 104800000,
              "item/msfsi_pipelinestepstate": 104800000
            },
            "authentication": {
              "type": "Raw",
              "value": "@json(decodeBase64(triggerOutputs().headers['X-MS-APIM-Tokens']))['$ConnectionKey']"
            }
          }
        },
        "Respond_to_a_PowerApp_or_flow": {
          "runAfter": {
            "Add_new_Document_Pipeline_step_record": [
              "Succeeded"
            ]
          },
          "metadata": {
            "operationMetadataId": "2072b2d2-d7c0-4eed-b1d9-c7192171f102"
          },
          "type": "Response",
          "kind": "PowerApp",
          "inputs": {
            "statusCode": 200,
            "body": {
              "document_pipeline_step_id": "@outputs('Add_new_Document_Pipeline_step_record')?['body/msfsi_documentpipelinestepid']"
            },
            "schema": {
              "type": "object",
              "properties": {
                "document_pipeline_step_id": {
                  "title": "Document Pipeline step Id",
                  "x-ms-dynamically-added": true,
                  "type": "string"
                }
              }
            }
          }
        }
      }
    },
    "templateName": null
  },
  "schemaVersion": "1.0.0.0"
}