<manifest><control namespace="MicrosoftPCF" constructor="DetailedFHControl" version="1.4.0" display-name-key="DetailedFHControl" description-key="DetailedFHControl description" control-type="standard" api-version="1.3.3"><type-group name="Contact"><type>SingleLine.Text</type><type>Lookup.Customer</type><type>Lookup.Simple</type></type-group><property name="dummy" display-name-key="Dummy_Key" description-key="Dummy_Desc_Key" of-type="SingleLine.Text" usage="bound" required="true" /><property name="contactId" display-name-key="Contact" description-key="Contact ID/Lookup" of-type-group="Contact" usage="input" required="true" /><property name="showFinancialInsights" display-name-key="FINANCIAL_INSIGHTS_FEATURE" description-key="FINANCIAL_INSIGHTS_FEATURE_DESC" of-type="Enum" usage="input" default-value="1"><value name="show" display-name-key="SHOW" description-key="FINANCIAL_INSIGHTS_FEATURE_SHOW_DESC">1</value><value name="hide" display-name-key="HIDE" description-key="FINANCIAL_INSIGHTS_FEATURE_HIDE_DESC">0</value></property><property name="hideFinancialHoldingCategories" display-name-key="FINANCIAL_HOLDING_HIDE_CATEGORIES" description-key="FINANCIAL_HOLDING_HIDE_CATEGORIES_DESC" of-type="SingleLine.Text" usage="input" /><resources><code path="bundle.js" order="1" /><resx path="strings/DetailedFHControl.3082.resx" version="1.0.0" /><resx path="strings/DetailedFHControl.1040.resx" version="1.0.0" /><resx path="strings/DetailedFHControl.1031.resx" version="1.0.0" /><resx path="strings/DetailedFHControl.1043.resx" version="1.0.0" /><resx path="strings/DetailedFHControl.1036.resx" version="1.0.0" /><resx path="strings/DetailedFHControl.1033.resx" version="1.0.0" /><resx path="strings/DetailedFHControl.1046.resx" version="1.0.0" /><resx path="strings/DetailedFHControl.1028.resx" version="1.0.0" /><css path="css/detailedFhTableDetails.css" order="1" /><img path="emptyState.png" /><img path="error48.png" /><img path="error.png" /></resources><feature-usage><uses-feature name="WebAPI" required="true" /><uses-feature name="Utility" required="true" /></feature-usage><built-by name="pac" version="1.9.9" /></control></manifest>