<?xml version="1.0" encoding="UTF-8" standalone="yes"?>
<manifest>
  <control namespace="MicrosoftPCF" constructor="OnboardingApplicationTaskProgressOverviewControl" version="1.4.0" display-name-key="OnboardingApplicationTaskProgressOverviewControl" description-key="OnboardingApplicationTaskProgressOverviewControl description" control-type="standard" api-version="1.3.3">
    <property name="dummy" display-name-key="PLACE_HOLDER_BOUND" description-key="PLACE_HOLDER_NAME_DESCRIPTION" of-type="SingleLine.Text" usage="bound" required="true"/>
    <property name="applicationId" display-name-key="APPLICATION_ID_NAME" description-key="APPLICATION_ID_DESC" of-type="SingleLine.Text" usage="input" required="true"/>
    <resources>
      <code path="bundle.js" order="1"/>
      <resx path="strings/OnboardingApplicationTaskProgressOverviewControl.3082.resx" version="1.0.0"/>
      <resx path="strings/OnboardingApplicationTaskProgressOverviewControl.1040.resx" version="1.0.0"/>
      <resx path="strings/OnboardingApplicationTaskProgressOverviewControl.1031.resx" version="1.0.0"/>
      <resx path="strings/OnboardingApplicationTaskProgressOverviewControl.1043.resx" version="1.0.0"/>
      <resx path="strings/OnboardingApplicationTaskProgressOverviewControl.1036.resx" version="1.0.0"/>
      <resx path="strings/OnboardingApplicationTaskProgressOverviewControl.1033.resx" version="1.0.0"/>
      <img path="emptyState100.png"/>
      <img path="error100.png"/>
    </resources>
    <feature-usage>
      <uses-feature name="WebAPI" required="true"/>
      <uses-feature name="Utility" required="true"/>
    </feature-usage>
    <built-by name="pac" version="1.19.4"/>
  </control>
</manifest>