<manifest><control namespace="MicrosoftPCF" constructor="ApplicantListControl" version="1.4.0" display-name-key="ApplicantListControl" description-key="ApplicantListControl description" control-type="virtual" api-version="1.3.3"><external-service-usage enabled="false" /><property name="applicantListPlaceholder" display-name-key="APPLICANT_LIST_PLACEHOLDER" description-key="APPLICANT_LIST_PLACEHOLDER_DESC" of-type="SingleLine.Text" usage="bound" required="true" /><property name="applicationId" display-name-key="APPLICATION_ID_NAME" description-key="APPLICATION_ID_DESC" of-type="SingleLine.Text" usage="input" required="true" /><property name="taskDefinitionId" display-name-key="TASK_DEFINITION_ID" description-key="TASK_DEFINITION_ID_DESC" usage="input" of-type="SingleLine.Text" required="false" /><property name="formId" display-name-key="FORM_ID" description-key="FORM_ID_DESC" usage="input" of-type="SingleLine.Text" required="true" /><resources><code path="bundle.js" order="1" /><img path="emptyState.png" /><img path="error.png" /><img path="error100.png" /><img path="emptyState48.png" /><resx path="strings/ApplicantListControl.1028.resx" version="1.0.0" /><resx path="strings/ApplicantListControl.1031.resx" version="1.0.0" /><resx path="strings/ApplicantListControl.1036.resx" version="1.0.0" /><resx path="strings/ApplicantListControl.1040.resx" version="1.0.0" /><resx path="strings/ApplicantListControl.1043.resx" version="1.0.0" /><resx path="strings/ApplicantListControl.1046.resx" version="1.0.0" /><resx path="strings/ApplicantListControl.3082.resx" version="1.0.0" /><resx path="strings/ApplicantListControl.1033.resx" version="1.0.0" /><platform-library name="React" version="16.8.6" /><platform-library name="Fluent" version="8.29.0" /></resources><feature-usage><uses-feature name="WebAPI" required="true" /><uses-feature name="Utility" required="true" /></feature-usage><built-by name="pac" version="1.19.4" /></control></manifest>