﻿<?xml version="1.0" encoding="utf-8"?>
<ImportExportXml xmlns:xsi="http://www.w3.org/2001/XMLSchema-instance">
  <Entities />
  <Roles />
  <Workflows>
    <Workflow WorkflowId="{903157fb-ae64-ed11-9561-00224805c952}" Name="Document AI builder step">
      <JsonFileName>/Workflows/DocumentAIbuilderstep-903157FB-AE64-ED11-9561-00224805C952.json</JsonFileName>
      <Type>1</Type>
      <Subprocess>0</Subprocess>
      <Category>5</Category>
      <Mode>0</Mode>
      <Scope>4</Scope>
      <OnDemand>0</OnDemand>
      <TriggerOnCreate>0</TriggerOnCreate>
      <TriggerOnDelete>0</TriggerOnDelete>
      <AsyncAutodelete>0</AsyncAutodelete>
      <SyncWorkflowLogOnFailure>0</SyncWorkflowLogOnFailure>
      <StateCode>1</StateCode>
      <StatusCode>2</StatusCode>
      <RunAs>1</RunAs>
      <IsTransacted>1</IsTransacted>
      <IntroducedVersion>1.4.0.0</IntroducedVersion>
      <IsCustomizable>0</IsCustomizable>
      <IsCustomProcessingStepAllowedForOtherPublishers>1</IsCustomProcessingStepAllowedForOtherPublishers>
      <PrimaryEntity>none</PrimaryEntity>
      <LocalizedNames>
        <LocalizedName languagecode="1033" description="Document AI builder step" />
      </LocalizedNames>
    </Workflow>
    <Workflow WorkflowId="{c035fd97-3f6b-ed11-9561-00224805ce8f}" Name="Format extracted data AI builder">
      <JsonFileName>/Workflows/FormatextracteddataAIbuilder-C035FD97-3F6B-ED11-9561-00224805CE8F.json</JsonFileName>
      <Type>1</Type>
      <Subprocess>0</Subprocess>
      <Category>5</Category>
      <Mode>0</Mode>
      <Scope>4</Scope>
      <OnDemand>0</OnDemand>
      <TriggerOnCreate>0</TriggerOnCreate>
      <TriggerOnDelete>0</TriggerOnDelete>
      <AsyncAutodelete>0</AsyncAutodelete>
      <SyncWorkflowLogOnFailure>0</SyncWorkflowLogOnFailure>
      <StateCode>1</StateCode>
      <StatusCode>2</StatusCode>
      <RunAs>1</RunAs>
      <IsTransacted>1</IsTransacted>
      <IntroducedVersion>1.4.0.0</IntroducedVersion>
      <IsCustomizable>0</IsCustomizable>
      <IsCustomProcessingStepAllowedForOtherPublishers>1</IsCustomProcessingStepAllowedForOtherPublishers>
      <PrimaryEntity>none</PrimaryEntity>
      <LocalizedNames>
        <LocalizedName languagecode="1033" description="Format extracted data AI builder" />
      </LocalizedNames>
    </Workflow>
    <Workflow WorkflowId="{d406b572-667f-ed11-81ad-0022482a4e0c}" Name="Get pipeline details">
      <JsonFileName>/Workflows/Getpipelinedetails-D406B572-667F-ED11-81AD-0022482A4E0C.json</JsonFileName>
      <Type>1</Type>
      <Subprocess>0</Subprocess>
      <Category>5</Category>
      <Mode>0</Mode>
      <Scope>4</Scope>
      <OnDemand>0</OnDemand>
      <TriggerOnCreate>0</TriggerOnCreate>
      <TriggerOnDelete>0</TriggerOnDelete>
      <AsyncAutodelete>0</AsyncAutodelete>
      <SyncWorkflowLogOnFailure>0</SyncWorkflowLogOnFailure>
      <StateCode>1</StateCode>
      <StatusCode>2</StatusCode>
      <RunAs>1</RunAs>
      <IsTransacted>1</IsTransacted>
      <IntroducedVersion>1.4.0.0</IntroducedVersion>
      <IsCustomizable>0</IsCustomizable>
      <BusinessProcessType>0</BusinessProcessType>
      <IsCustomProcessingStepAllowedForOtherPublishers>1</IsCustomProcessingStepAllowedForOtherPublishers>
      <PrimaryEntity>none</PrimaryEntity>
      <LocalizedNames>
        <LocalizedName languagecode="1033" description="Get pipeline details" />
      </LocalizedNames>
    </Workflow>
    <Workflow WorkflowId="{9c2d7df1-96f7-ec11-bb3d-00224808c150}" Name="Main pipeline">
      <JsonFileName>/Workflows/Mainpipeline-9C2D7DF1-96F7-EC11-BB3D-00224808C150.json</JsonFileName>
      <Type>1</Type>
      <Subprocess>0</Subprocess>
      <Category>5</Category>
      <Mode>0</Mode>
      <Scope>4</Scope>
      <OnDemand>0</OnDemand>
      <TriggerOnCreate>0</TriggerOnCreate>
      <TriggerOnDelete>0</TriggerOnDelete>
      <AsyncAutodelete>0</AsyncAutodelete>
      <SyncWorkflowLogOnFailure>0</SyncWorkflowLogOnFailure>
      <StateCode>1</StateCode>
      <StatusCode>2</StatusCode>
      <RunAs>1</RunAs>
      <IsTransacted>1</IsTransacted>
      <IntroducedVersion>1.3.0.0</IntroducedVersion>
      <IsCustomizable>0</IsCustomizable>
      <IsCustomProcessingStepAllowedForOtherPublishers>1</IsCustomProcessingStepAllowedForOtherPublishers>
      <PrimaryEntity>none</PrimaryEntity>
      <LocalizedNames>
        <LocalizedName languagecode="1033" description="Main pipeline" />
      </LocalizedNames>
    </Workflow>
    <Workflow WorkflowId="{155b58ac-aaf7-ec11-bb3d-00224808c150}" Name="Post pipeline">
      <JsonFileName>/Workflows/Postpipeline-155B58AC-AAF7-EC11-BB3D-00224808C150.json</JsonFileName>
      <Type>1</Type>
      <Subprocess>0</Subprocess>
      <Category>5</Category>
      <Mode>0</Mode>
      <Scope>4</Scope>
      <OnDemand>0</OnDemand>
      <TriggerOnCreate>0</TriggerOnCreate>
      <TriggerOnDelete>0</TriggerOnDelete>
      <AsyncAutodelete>0</AsyncAutodelete>
      <SyncWorkflowLogOnFailure>0</SyncWorkflowLogOnFailure>
      <StateCode>1</StateCode>
      <StatusCode>2</StatusCode>
      <RunAs>1</RunAs>
      <IsTransacted>1</IsTransacted>
      <IntroducedVersion>1.3.0.0</IntroducedVersion>
      <IsCustomizable>0</IsCustomizable>
      <IsCustomProcessingStepAllowedForOtherPublishers>1</IsCustomProcessingStepAllowedForOtherPublishers>
      <PrimaryEntity>none</PrimaryEntity>
      <LocalizedNames>
        <LocalizedName languagecode="1033" description="Post pipeline" />
      </LocalizedNames>
    </Workflow>
    <Workflow WorkflowId="{0be25b1f-a9fa-ec11-82e5-000d3a182304}" Name="Post pipeline step">
      <JsonFileName>/Workflows/Postpipelinestep-0BE25B1F-A9FA-EC11-82E5-000D3A182304.json</JsonFileName>
      <Type>1</Type>
      <Subprocess>0</Subprocess>
      <Category>5</Category>
      <Mode>0</Mode>
      <Scope>4</Scope>
      <OnDemand>0</OnDemand>
      <TriggerOnCreate>0</TriggerOnCreate>
      <TriggerOnDelete>0</TriggerOnDelete>
      <AsyncAutodelete>0</AsyncAutodelete>
      <SyncWorkflowLogOnFailure>0</SyncWorkflowLogOnFailure>
      <StateCode>1</StateCode>
      <StatusCode>2</StatusCode>
      <RunAs>1</RunAs>
      <IsTransacted>1</IsTransacted>
      <IntroducedVersion>1.3.0.0</IntroducedVersion>
      <IsCustomizable>0</IsCustomizable>
      <IsCustomProcessingStepAllowedForOtherPublishers>1</IsCustomProcessingStepAllowedForOtherPublishers>
      <PrimaryEntity>none</PrimaryEntity>
      <LocalizedNames>
        <LocalizedName languagecode="1033" description="Post pipeline step" />
      </LocalizedNames>
    </Workflow>
    <Workflow WorkflowId="{63364e6b-a8f7-ec11-bb3d-00224808c150}" Name="Pre pipeline">
      <JsonFileName>/Workflows/Prepipeline-63364E6B-A8F7-EC11-BB3D-00224808C150.json</JsonFileName>
      <Type>1</Type>
      <Subprocess>0</Subprocess>
      <Category>5</Category>
      <Mode>0</Mode>
      <Scope>4</Scope>
      <OnDemand>0</OnDemand>
      <TriggerOnCreate>0</TriggerOnCreate>
      <TriggerOnDelete>0</TriggerOnDelete>
      <AsyncAutodelete>0</AsyncAutodelete>
      <SyncWorkflowLogOnFailure>0</SyncWorkflowLogOnFailure>
      <StateCode>1</StateCode>
      <StatusCode>2</StatusCode>
      <RunAs>1</RunAs>
      <IsTransacted>1</IsTransacted>
      <IntroducedVersion>1.3.0.0</IntroducedVersion>
      <IsCustomizable>0</IsCustomizable>
      <IsCustomProcessingStepAllowedForOtherPublishers>1</IsCustomProcessingStepAllowedForOtherPublishers>
      <PrimaryEntity>none</PrimaryEntity>
      <LocalizedNames>
        <LocalizedName languagecode="1033" description="Pre pipeline" />
      </LocalizedNames>
    </Workflow>
    <Workflow WorkflowId="{ba35f4f3-a7fa-ec11-82e5-000d3a182304}" Name="Pre pipeline step">
      <JsonFileName>/Workflows/Prepipelinestep-BA35F4F3-A7FA-EC11-82E5-000D3A182304.json</JsonFileName>
      <Type>1</Type>
      <Subprocess>0</Subprocess>
      <Category>5</Category>
      <Mode>0</Mode>
      <Scope>4</Scope>
      <OnDemand>0</OnDemand>
      <TriggerOnCreate>0</TriggerOnCreate>
      <TriggerOnDelete>0</TriggerOnDelete>
      <AsyncAutodelete>0</AsyncAutodelete>
      <SyncWorkflowLogOnFailure>0</SyncWorkflowLogOnFailure>
      <StateCode>1</StateCode>
      <StatusCode>2</StatusCode>
      <RunAs>1</RunAs>
      <IsTransacted>1</IsTransacted>
      <IntroducedVersion>1.3.0.0</IntroducedVersion>
      <IsCustomizable>0</IsCustomizable>
      <IsCustomProcessingStepAllowedForOtherPublishers>1</IsCustomProcessingStepAllowedForOtherPublishers>
      <PrimaryEntity>none</PrimaryEntity>
      <LocalizedNames>
        <LocalizedName languagecode="1033" description="Pre pipeline step" />
      </LocalizedNames>
    </Workflow>
  </Workflows>
  <FieldSecurityProfiles />
  <Templates />
  <EntityMaps />
  <EntityRelationships />
  <OrganizationSettings />
  <optionsets />
  <CustomControls />
  <SolutionPluginAssemblies>
    <PluginAssembly FullName="Microsoft.CloudForFSI.FSIDocumentIntelligenceCore.Plugins, Version=1.0.0.0, Culture=neutral, PublicKeyToken=4722b93b1b8b19c7" PluginAssemblyId="a5181d67-3447-40b2-9c0a-1a593d641be7" CustomizationLevel="1">
      <IsolationMode>2</IsolationMode>
      <SourceType>0</SourceType>
      <IntroducedVersion>1.0</IntroducedVersion>
      <FileName>/PluginAssemblies/MicrosoftCloudForFSIFSIDocumentIntelligenceCorePlu-A5181D67-3447-40B2-9C0A-1A593D641BE7/MicrosoftCloudForFSIFSIDocumentIntelligenceCorePlu.dll</FileName>
      <PluginTypes>
        <PluginType AssemblyQualifiedName="Microsoft.CloudForFSI.FSIDocumentIntelligenceCore.Plugins.DeleteDocument.DeleteDocumentPlugin, Microsoft.CloudForFSI.FSIDocumentIntelligenceCore.Plugins, Version=1.0.0.0, Culture=neutral, PublicKeyToken=4722b93b1b8b19c7" PluginTypeId="4840838e-a22d-46da-a2fc-ad79b33f7a67" Name="Microsoft.CloudForFSI.FSIDocumentIntelligenceCore.Plugins.DeleteDocument.DeleteDocumentPlugin">
          <FriendlyName>f3f9a3d2-39ba-4f77-96d2-200d11e343e2</FriendlyName>
        </PluginType>
        <PluginType AssemblyQualifiedName="Microsoft.CloudForFSI.FSIDocumentIntelligenceCore.Plugins.UploadDocument.UploadDocumentPlugin, Microsoft.CloudForFSI.FSIDocumentIntelligenceCore.Plugins, Version=1.0.0.0, Culture=neutral, PublicKeyToken=4722b93b1b8b19c7" PluginTypeId="84e66d07-7855-4a86-9d96-9c2035267fc1" Name="Microsoft.CloudForFSI.FSIDocumentIntelligenceCore.Plugins.UploadDocument.UploadDocumentPlugin">
          <FriendlyName>9bde01d2-d886-404e-a337-328aceb23635</FriendlyName>
        </PluginType>
      </PluginTypes>
    </PluginAssembly>
  </SolutionPluginAssemblies>
  <EntityDataProviders />
  <connectionreferences>
    <connectionreference connectionreferencelogicalname="msfsi_sharedcommondataserviceforapps_b8eb3">
      <connectionreferencedisplayname>Microsoft Dataverse DocumentIntelligenceCore</connectionreferencedisplayname>
      <connectorid>/providers/Microsoft.PowerApps/apis/shared_commondataserviceforapps</connectorid>
      <iscustomizable>1</iscustomizable>
      <statecode>0</statecode>
      <statuscode>1</statuscode>
    </connectionreference>
  </connectionreferences>
  <Languages>
    <Language>1033</Language>
  </Languages>
</ImportExportXml>