<manifest><control namespace="MicrosoftPCF" constructor="TaskVerificationControl" version="1.4.0" display-name-key="TaskVerificationControl" description-key="TaskVerificationControl description" control-type="virtual" api-version="1.3.3"><external-service-usage enabled="false" /><property name="taskDefinitionId" display-name-key="TASK_DEFINITION_ID" description-key="TASK_DEFINITION_ID_DESC" usage="input" of-type="SingleLine.Text" required="false" /><property name="dummy" display-name-key="PLACE_HOLDER_BOUND" description-key="PLACE_HOLDER_NAME_DESCRIPTION" of-type="SingleLine.Text" usage="bound" required="true" /><property name="applicationId" display-name-key="APPLICATION_ID_NAME" description-key="APPLICATION_ID_DESC" of-type="SingleLine.Text" usage="input" required="true" /><resources><code path="bundle.js" order="1" /><img path="emptyState48.png" /><img path="error48.png" /><resx path="strings/TaskVerificationControl.1028.resx" version="1.0.0" /><resx path="strings/TaskVerificationControl.1031.resx" version="1.0.0" /><resx path="strings/TaskVerificationControl.1036.resx" version="1.0.0" /><resx path="strings/TaskVerificationControl.1040.resx" version="1.0.0" /><resx path="strings/TaskVerificationControl.1043.resx" version="1.0.0" /><resx path="strings/TaskVerificationControl.1046.resx" version="1.0.0" /><resx path="strings/TaskVerificationControl.3082.resx" version="1.0.0" /><resx path="strings/TaskVerificationControl.1033.resx" version="1.0.0" /><platform-library name="React" version="16.8.6" /><platform-library name="Fluent" version="8.29.0" /></resources><feature-usage><uses-feature name="WebAPI" required="true" /><uses-feature name="Utility" required="true" /></feature-usage><built-by name="pac" version="1.19.4" /></control></manifest>