<customapiresponseproperty uniquename="DocumentRequestId">
  <description default="Document request id.">
    <label description="Document request id." languagecode="1033" />
  </description>
  <displayname default="Document request id">
    <label description="Document request id" languagecode="1033" />
  </displayname>
  <iscustomizable>1</iscustomizable>
  <logicalentityname>msfsi_documentrequest</logicalentityname>
  <name>Document request id</name>
  <type>5</type>
</customapiresponseproperty>