﻿<?xml version="1.0" encoding="utf-8"?>
<ImportExportXml xmlns:xsi="http://www.w3.org/2001/XMLSchema-instance">
  <Entities />
  <Roles>
    <Role id="{263447b8-0502-ed11-82e4-002248080a35}" name="Onboarding agent" isinherited="1">
      <IsCustomizable>1</IsCustomizable>
      <RolePrivileges>
        <RolePrivilege name="prvAppendAccount" level="Local" />
        <RolePrivilege name="prvAppendActivity" level="Local" />
        <RolePrivilege name="prvAppendContact" level="Local" />
        <RolePrivilege name="prvAppendmsfsi_application" level="Local" />
        <RolePrivilege name="prvAppendmsfsi_applicationasset" level="Local" />
        <RolePrivilege name="prvAppendmsfsi_applicationcategory" level="Local" />
        <RolePrivilege name="prvAppendmsfsi_applicationcontactasset" level="Local" />
        <RolePrivilege name="prvAppendmsfsi_applicationcontactliability" level="Local" />
        <RolePrivilege name="prvAppendmsfsi_applicationexpense" level="Local" />
        <RolePrivilege name="prvAppendmsfsi_applicationincome" level="Local" />
        <RolePrivilege name="prvAppendmsfsi_applicationliability" level="Local" />
        <RolePrivilege name="prvAppendmsfsi_document" level="Local" />
        <RolePrivilege name="prvAppendmsfsi_documentdefinition" level="Local" />
        <RolePrivilege name="prvAppendmsfsi_documentrequest" level="Local" />
        <RolePrivilege name="prvAppendmsfsi_dummycontext" level="Global" />
        <RolePrivilege name="prvAppendmsfsi_relatedpartycontract" level="Local" />
        <RolePrivilege name="prvAppendmsfsi_relatedpartyrole" level="Local" />
        <RolePrivilege name="prvAppendmsfsi_tasknavigation" level="Local" />
        <RolePrivilege name="prvAppendmsfsi_taskdefinition" level="Local" />
        <RolePrivilege name="prvAppendmsfsi_onboardingscenariodefinition" level="Local" />
        <RolePrivilege name="prvAppendmsfsi_taskgroup" level="Local" />
        <RolePrivilege name="prvAppendQueue" level="Local" />
        <RolePrivilege name="prvAppendToAccount" level="Local" />
        <RolePrivilege name="prvAppendToActivity" level="Local" />
        <RolePrivilege name="prvAppendToContact" level="Local" />
        <RolePrivilege name="prvAppendTomsfsi_application" level="Local" />
        <RolePrivilege name="prvAppendTomsfsi_applicationasset" level="Local" />
        <RolePrivilege name="prvAppendTomsfsi_applicationcategory" level="Local" />
        <RolePrivilege name="prvAppendTomsfsi_applicationexpense" level="Local" />
        <RolePrivilege name="prvAppendTomsfsi_applicationincome" level="Local" />
        <RolePrivilege name="prvAppendTomsfsi_applicationliability" level="Local" />
        <RolePrivilege name="prvAppendTomsfsi_document" level="Local" />
        <RolePrivilege name="prvAppendTomsfsi_documentdefinition" level="Local" />
        <RolePrivilege name="prvAppendTomsfsi_documentrequest" level="Local" />
        <RolePrivilege name="prvAppendTomsfsi_dummycontext" level="Global" />
        <RolePrivilege name="prvAppendTomsfsi_relatedpartycontract" level="Local" />
        <RolePrivilege name="prvAppendTomsfsi_relatedpartyrole" level="Local" />
        <RolePrivilege name="prvAppendTomsfsi_tasknavigation" level="Local" />
        <RolePrivilege name="prvAppendTomsfsi_taskdefinition" level="Local" />
        <RolePrivilege name="prvAppendTomsfsi_onboardingscenariodefinition" level="Local" />
        <RolePrivilege name="prvAppendTomsfsi_taskgroup" level="Local" />
        <RolePrivilege name="prvAppendToQueue" level="Local" />
        <RolePrivilege name="prvAppendToWorkflow" level="Global" />
        <RolePrivilege name="prvAppendWorkflow" level="Global" />
        <RolePrivilege name="prvAssignAccount" level="Local" />
        <RolePrivilege name="prvAssignActivity" level="Local" />
        <RolePrivilege name="prvAssignContact" level="Local" />
        <RolePrivilege name="prvAssignmsfsi_application" level="Local" />
        <RolePrivilege name="prvAssignmsfsi_applicationasset" level="Local" />
        <RolePrivilege name="prvAssignmsfsi_applicationcategory" level="Local" />
        <RolePrivilege name="prvAssignmsfsi_applicationcontactasset" level="Local" />
        <RolePrivilege name="prvAssignmsfsi_applicationcontactliability" level="Local" />
        <RolePrivilege name="prvAssignmsfsi_applicationexpense" level="Local" />
        <RolePrivilege name="prvAssignmsfsi_applicationincome" level="Local" />
        <RolePrivilege name="prvAssignmsfsi_applicationliability" level="Local" />
        <RolePrivilege name="prvAssignmsfsi_document" level="Local" />
        <RolePrivilege name="prvAssignmsfsi_documentrequest" level="Local" />
        <RolePrivilege name="prvAssignmsfsi_relatedpartycontract" level="Local" />
        <RolePrivilege name="prvAssignmsfsi_relatedpartyrole" level="Local" />
        <RolePrivilege name="prvAssignmsfsi_tasknavigation" level="Local" />
        <RolePrivilege name="prvAssignmsfsi_taskdefinition" level="Local" />
        <RolePrivilege name="prvAssignmsfsi_onboardingscenariodefinition" level="Local" />
        <RolePrivilege name="prvAssignmsfsi_taskgroup" level="Local" />
        <RolePrivilege name="prvAssignQueue" level="Local" />
        <RolePrivilege name="prvAssignWorkflow" level="Global" />
        <RolePrivilege name="prvCreateActivity" level="Local" />
        <RolePrivilege name="prvCreatemsfsi_application" level="Local" />
        <RolePrivilege name="prvCreatemsfsi_applicationasset" level="Local" />
        <RolePrivilege name="prvCreatemsfsi_applicationcategory" level="Local" />
        <RolePrivilege name="prvCreatemsfsi_applicationcontactasset" level="Local" />
        <RolePrivilege name="prvCreatemsfsi_applicationcontactliability" level="Local" />
        <RolePrivilege name="prvCreatemsfsi_applicationexpense" level="Local" />
        <RolePrivilege name="prvCreatemsfsi_applicationincome" level="Local" />
        <RolePrivilege name="prvCreatemsfsi_applicationliability" level="Local" />
        <RolePrivilege name="prvCreatemsfsi_document" level="Local" />
        <RolePrivilege name="prvCreatemsfsi_documentrequest" level="Local" />
        <RolePrivilege name="prvCreatemsfsi_relatedpartycontract" level="Local" />
        <RolePrivilege name="prvCreatemsfsi_relatedpartyrole" level="Local" />
        <RolePrivilege name="prvCreatemsfsi_tasknavigation" level="Local" />
        <RolePrivilege name="prvCreatemsfsi_taskdefinition" level="Local" />
        <RolePrivilege name="prvCreatemsfsi_onboardingscenariodefinition" level="Local" />
        <RolePrivilege name="prvCreatemsfsi_taskgroup" level="Local" />
        <RolePrivilege name="prvCreateQueue" level="Local" />
        <RolePrivilege name="prvCreateSharePointData" level="Global" />
        <RolePrivilege name="prvCreateWorkflow" level="Global" />
        <RolePrivilege name="prvDeleteActivity" level="Local" />
        <RolePrivilege name="prvDeletemsfsi_application" level="Local" />
        <RolePrivilege name="prvDeletemsfsi_applicationasset" level="Local" />
        <RolePrivilege name="prvDeletemsfsi_applicationcategory" level="Local" />
        <RolePrivilege name="prvDeletemsfsi_applicationexpense" level="Local" />
        <RolePrivilege name="prvDeletemsfsi_applicationincome" level="Local" />
        <RolePrivilege name="prvDeletemsfsi_applicationliability" level="Local" />
        <RolePrivilege name="prvDeletemsfsi_document" level="Local" />
        <RolePrivilege name="prvDeletemsfsi_documentrequest" level="Local" />
        <RolePrivilege name="prvDeletemsfsi_relatedpartycontract" level="Local" />
        <RolePrivilege name="prvDeletemsfsi_relatedpartyrole" level="Local" />
        <RolePrivilege name="prvDeletemsfsi_tasknavigation" level="Local" />
        <RolePrivilege name="prvDeletemsfsi_taskdefinition" level="Local" />
        <RolePrivilege name="prvDeletemsfsi_onboardingscenariodefinition" level="Local" />
        <RolePrivilege name="prvDeletemsfsi_taskgroup" level="Local" />
        <RolePrivilege name="prvDeleteQueue" level="Local" />
        <RolePrivilege name="prvDeleteWorkflow" level="Global" />
        <RolePrivilege name="prvReadAccount" level="Local" />
        <RolePrivilege name="prvReadActivity" level="Local" />
        <RolePrivilege name="prvReadContact" level="Local" />
        <RolePrivilege name="prvReadImportJob" level="Global" />
        <RolePrivilege name="prvReadmsdyn_tour" level="Global" />
        <RolePrivilege name="prvReadmsfsi_application" level="Local" />
        <RolePrivilege name="prvReadmsfsi_applicationasset" level="Local" />
        <RolePrivilege name="prvReadmsfsi_applicationcategory" level="Local" />
        <RolePrivilege name="prvReadmsfsi_applicationcontactasset" level="Local" />
        <RolePrivilege name="prvReadmsfsi_applicationcontactliability" level="Local" />
        <RolePrivilege name="prvReadmsfsi_applicationexpense" level="Local" />
        <RolePrivilege name="prvReadmsfsi_applicationincome" level="Local" />
        <RolePrivilege name="prvReadmsfsi_applicationliability" level="Local" />
        <RolePrivilege name="prvReadmsfsi_document" level="Local" />
        <RolePrivilege name="prvReadmsfsi_documentdefinition" level="Local" />
        <RolePrivilege name="prvReadmsfsi_documentpipeline" level="Local" />
        <RolePrivilege name="prvReadmsfsi_documentpipelinestep" level="Local" />
        <RolePrivilege name="prvReadmsfsi_documentrequest" level="Local" />
        <RolePrivilege name="prvReadmsfsi_dummycontext" level="Global" />
        <RolePrivilege name="prvReadmsfsi_onboardingform" level="Global" />
        <RolePrivilege name="prvReadmsfsi_pipelinedocumentstatemessage" level="Local" />
        <RolePrivilege name="prvReadmsfsi_pipelinestepdefinition" level="Local" />
        <RolePrivilege name="prvReadmsfsi_relatedpartycontract" level="Local" />
        <RolePrivilege name="prvReadmsfsi_relatedpartyrole" level="Local" />
        <RolePrivilege name="prvReadmsfsi_tasknavigation" level="Local" />
        <RolePrivilege name="prvReadmsfsi_taskdefinition" level="Local" />
        <RolePrivilege name="prvReadmsfsi_onboardingscenariodefinition" level="Local" />
        <RolePrivilege name="prvReadmsfsi_taskgroup" level="Local" />
        <RolePrivilege name="prvReadNote" level="Local" />
        <RolePrivilege name="prvReadPluginAssembly" level="Global" />
        <RolePrivilege name="prvReadPluginType" level="Global" />
        <RolePrivilege name="prvReadQueue" level="Local" />
        <RolePrivilege name="prvReadSdkMessage" level="Global" />
        <RolePrivilege name="prvReadSdkMessageProcessingStep" level="Global" />
        <RolePrivilege name="prvReadSdkMessageProcessingStepImage" level="Global" />
        <RolePrivilege name="prvReadSharePointData" level="Global" />
        <RolePrivilege name="prvReadSharePointDocument" level="Global" />
        <RolePrivilege name="prvReadWorkflow" level="Global" />
        <RolePrivilege name="prvShareAccount" level="Local" />
        <RolePrivilege name="prvShareActivity" level="Local" />
        <RolePrivilege name="prvShareContact" level="Local" />
        <RolePrivilege name="prvSharemsfsi_application" level="Local" />
        <RolePrivilege name="prvSharemsfsi_applicationasset" level="Local" />
        <RolePrivilege name="prvSharemsfsi_applicationcategory" level="Local" />
        <RolePrivilege name="prvSharemsfsi_applicationcontactasset" level="Local" />
        <RolePrivilege name="prvSharemsfsi_applicationcontactliability" level="Local" />
        <RolePrivilege name="prvSharemsfsi_applicationexpense" level="Local" />
        <RolePrivilege name="prvSharemsfsi_applicationincome" level="Local" />
        <RolePrivilege name="prvSharemsfsi_applicationliability" level="Local" />
        <RolePrivilege name="prvSharemsfsi_document" level="Local" />
        <RolePrivilege name="prvSharemsfsi_documentrequest" level="Local" />
        <RolePrivilege name="prvSharemsfsi_relatedpartycontract" level="Local" />
        <RolePrivilege name="prvSharemsfsi_relatedpartyrole" level="Local" />
        <RolePrivilege name="prvSharemsfsi_tasknavigation" level="Local" />
        <RolePrivilege name="prvSharemsfsi_taskdefinition" level="Local" />
        <RolePrivilege name="prvSharemsfsi_onboardingscenariodefinition" level="Local" />
        <RolePrivilege name="prvSharemsfsi_taskgroup" level="Local" />
        <RolePrivilege name="prvShareQueue" level="Local" />
        <RolePrivilege name="prvShareWorkflow" level="Global" />
        <RolePrivilege name="prvWriteAccount" level="Local" />
        <RolePrivilege name="prvWriteActivity" level="Local" />
        <RolePrivilege name="prvWriteContact" level="Local" />
        <RolePrivilege name="prvWritemsfsi_application" level="Local" />
        <RolePrivilege name="prvWritemsfsi_applicationasset" level="Local" />
        <RolePrivilege name="prvWritemsfsi_applicationcategory" level="Local" />
        <RolePrivilege name="prvWritemsfsi_applicationexpense" level="Local" />
        <RolePrivilege name="prvWritemsfsi_applicationincome" level="Local" />
        <RolePrivilege name="prvWritemsfsi_applicationliability" level="Local" />
        <RolePrivilege name="prvWritemsfsi_document" level="Local" />
        <RolePrivilege name="prvWritemsfsi_documentrequest" level="Local" />
        <RolePrivilege name="prvWritemsfsi_relatedpartycontract" level="Local" />
        <RolePrivilege name="prvWritemsfsi_relatedpartyrole" level="Local" />
        <RolePrivilege name="prvWritemsfsi_tasknavigation" level="Local" />
        <RolePrivilege name="prvWritemsfsi_taskdefinition" level="Local" />
        <RolePrivilege name="prvWritemsfsi_onboardingscenariodefinition" level="Local" />
        <RolePrivilege name="prvWritemsfsi_taskgroup" level="Local" />
        <RolePrivilege name="prvWriteQueue" level="Local" />
        <RolePrivilege name="prvWriteSharePointData" level="Global" />
        <RolePrivilege name="prvWriteWorkflow" level="Global" />
      </RolePrivileges>
      <LocalizedNames>
        <LocalizedName description="Onboarding agent" languagecode="1033" />
      </LocalizedNames>
    </Role>
  </Roles>
  <Workflows />
  <FieldSecurityProfiles />
  <Templates />
  <EntityMaps />
  <EntityRelationships />
  <OrganizationSettings />
  <optionsets />
  <WebResources />
  <CustomControls />
  <SolutionPluginAssemblies />
  <SdkMessageProcessingSteps />
  <EntityDataProviders />
  <Languages>
    <Language>1033</Language>
  </Languages>
</ImportExportXml>