﻿<?xml version="1.0" encoding="utf-8"?>
<ImportExportXml xmlns:xsi="http://www.w3.org/2001/XMLSchema-instance">
  <Entities>
    <Entity>
      <Name LocalizedName="Application" OriginalName="Application">msfsi_application</Name>
      <RibbonDiffXml>
        <CustomActions>
          <HideCustomAction HideActionId="msfsi.AccessChecker.OpenDialog.msfsi_application.Button.Hide" Location="AccessChecker.OpenDialog.msfsi_application.Button" />
          <HideCustomAction HideActionId="msfsi.Mscrm.Form.msfsi_application.AddToQueue.Hide" Location="Mscrm.Form.msfsi_application.AddToQueue" />
          <HideCustomAction HideActionId="msfsi.Mscrm.Form.msfsi_application.Deactivate.Hide" Location="Mscrm.Form.msfsi_application.Deactivate" />
          <HideCustomAction HideActionId="msfsi.Mscrm.Form.msfsi_application.Delete.Hide" Location="Mscrm.Form.msfsi_application.Delete" />
          <HideCustomAction HideActionId="msfsi.Mscrm.Form.msfsi_application.Flows.RefreshCommandBar.Hide" Location="Mscrm.Form.msfsi_application.Flows.RefreshCommandBar" />
          <HideCustomAction HideActionId="msfsi.Mscrm.Form.msfsi_application.QueueItemDetail.Hide" Location="Mscrm.Form.msfsi_application.QueueItemDetail" />
          <HideCustomAction HideActionId="msfsi.Mscrm.Form.msfsi_application.Reports.Hide" Location="Mscrm.Form.msfsi_application.Reports" />
          <HideCustomAction HideActionId="msfsi.Mscrm.Form.msfsi_application.SaveAndClose.Hide" Location="Mscrm.Form.msfsi_application.SaveAndClose" />
          <HideCustomAction HideActionId="msfsi.Mscrm.Form.msfsi_application.WordTemplate.Hide" Location="Mscrm.Form.msfsi_application.WordTemplate" />
          <HideCustomAction HideActionId="msfsi.Mscrm.HomepageGrid.msfsi_application.MBPF.ConvertTo.Hide" Location="Mscrm.HomepageGrid.msfsi_application.MBPF.ConvertTo" />
          <CustomAction Id="msfsi.msfsi_application.CancelArchive.Button.CustomAction" Location="Mscrm.Form.msfsi_application.MainTab.Save.Controls._children" Sequence="58">
            <CommandUIDefinition>
              <Button Command="msfsi.msfsi_application.CancelArchive.Command" Id="msfsi.msfsi_application.CancelArchive.Button" LabelText="$LocLabels:msfsi.msfsi_application.CancelArchive.Button.LabelText" Sequence="58" TemplateAlias="o2" ModernImage="$webresource:msfsi_DeactivateIcon" />
            </CommandUIDefinition>
          </CustomAction>
        </CustomActions>
        <Templates>
          <RibbonTemplates Id="Mscrm.Templates"></RibbonTemplates>
        </Templates>
        <CommandDefinitions>
          <CommandDefinition Id="msfsi.msfsi_application.CancelArchive.Command">
            <EnableRules>
              <EnableRule Id="msfsi.msfsi_application.CancelArchive.EnableRule" />
            </EnableRules>
            <DisplayRules />
            <Actions>
              <JavaScriptFunction FunctionName="ArchiveLoanApplication.cancelAndArchiveApplication" Library="$webresource:msfsi_ArchiveLoanApplication.js">
                <CrmParameter Value="PrimaryControl" />
              </JavaScriptFunction>
            </Actions>
          </CommandDefinition>
        </CommandDefinitions>
        <RuleDefinitions>
          <TabDisplayRules />
          <DisplayRules />
          <EnableRules>
            <EnableRule Id="msfsi.msfsi_application.CancelArchive.EnableRule">
              <CustomRule FunctionName="ArchiveLoanApplication.showHideCancelArchiveButton" Library="$webresource:msfsi_ArchiveLoanApplication.js" Default="true">
                <CrmParameter Value="PrimaryControl" />
              </CustomRule>
            </EnableRule>
          </EnableRules>
        </RuleDefinitions>
        <LocLabels>
          <LocLabel Id="msfsi.msfsi_application.CancelArchive.Button.LabelText">
            <Titles>
              <Title description="Archive" languagecode="1033" />
            </Titles>
          </LocLabel>
        </LocLabels>
      </RibbonDiffXml>
    </Entity>
  </Entities>
  <Roles />
  <Workflows>
    <Workflow WorkflowId="{a2a38135-ebda-ed11-a7c7-0022482804c6}" Name="Archive Loan Application">
      <XamlFileName>/Workflows/ArchiveLoanApplication-A2A38135-EBDA-ED11-A7C7-0022482804C6.xaml</XamlFileName>
      <Type>1</Type>
      <Subprocess>0</Subprocess>
      <Category>3</Category>
      <Mode>0</Mode>
      <Scope>4</Scope>
      <OnDemand>0</OnDemand>
      <TriggerOnCreate>0</TriggerOnCreate>
      <TriggerOnDelete>0</TriggerOnDelete>
      <AsyncAutodelete>0</AsyncAutodelete>
      <SyncWorkflowLogOnFailure>1</SyncWorkflowLogOnFailure>
      <StateCode>1</StateCode>
      <StatusCode>2</StatusCode>
      <CreateStage>40</CreateStage>
      <RunAs>1</RunAs>
      <SdkMessageId>{a6a38135-ebda-ed11-a7c7-0022482804c6}</SdkMessageId>
      <UniqueName>ArchiveLoanApplication</UniqueName>
      <IsTransacted>1</IsTransacted>
      <IntroducedVersion>1.4.0.0</IntroducedVersion>
      <IsCustomizable>1</IsCustomizable>
      <BusinessProcessType>0</BusinessProcessType>
      <FormId>{00000000-0000-0000-0000-000000000000}</FormId>
      <IsCustomProcessingStepAllowedForOtherPublishers>1</IsCustomProcessingStepAllowedForOtherPublishers>
      <PrimaryEntity>msfsi_application</PrimaryEntity>
      <LocalizedNames>
        <LocalizedName languagecode="1033" description="Archive Loan Application" />
      </LocalizedNames>
    </Workflow>
    <Workflow WorkflowId="{4100f8f5-87dc-ed11-a7c7-000d3a57a958}" Name="ArchiveLoanApplications">
      <JsonFileName>/Workflows/ArchiveLoanApplications-4100F8F5-87DC-ED11-A7C7-000D3A57A958.json</JsonFileName>
      <Type>1</Type>
      <Subprocess>0</Subprocess>
      <Category>5</Category>
      <Mode>0</Mode>
      <Scope>4</Scope>
      <OnDemand>0</OnDemand>
      <TriggerOnCreate>0</TriggerOnCreate>
      <TriggerOnDelete>0</TriggerOnDelete>
      <AsyncAutodelete>0</AsyncAutodelete>
      <SyncWorkflowLogOnFailure>0</SyncWorkflowLogOnFailure>
      <StateCode>1</StateCode>
      <StatusCode>2</StatusCode>
      <RunAs>1</RunAs>
      <IsTransacted>1</IsTransacted>
      <IntroducedVersion>1.4.0.0</IntroducedVersion>
      <IsCustomizable>1</IsCustomizable>
      <BusinessProcessType>0</BusinessProcessType>
      <IsCustomProcessingStepAllowedForOtherPublishers>1</IsCustomProcessingStepAllowedForOtherPublishers>
      <PrimaryEntity>none</PrimaryEntity>
      <LocalizedNames>
        <LocalizedName languagecode="1033" description="ArchiveLoanApplications" />
      </LocalizedNames>
    </Workflow>
  </Workflows>
  <FieldSecurityProfiles />
  <Templates />
  <EntityMaps />
  <EntityRelationships />
  <OrganizationSettings />
  <optionsets />
  <WebResources>
    <WebResource>
      <WebResourceId>{246f642d-8ed7-ed11-a7c7-000d3a57a958}</WebResourceId>
      <Name>msfsi_ArchiveLoanApplication.js</Name>
      <DisplayName>msfsi_ArchiveLoanApplication</DisplayName>
      <WebResourceType>3</WebResourceType>
      <IntroducedVersion>1.4.0.0</IntroducedVersion>
      <IsEnabledForMobileClient>0</IsEnabledForMobileClient>
      <IsAvailableForMobileOffline>0</IsAvailableForMobileOffline>
      <IsCustomizable>1</IsCustomizable>
      <CanBeDeleted>1</CanBeDeleted>
      <IsHidden>0</IsHidden>
      <FileName>/WebResources/msfsi_ArchiveLoanApplication246F642D-8ED7-ED11-A7C7-000D3A57A958</FileName>
    </WebResource>
    <WebResource>
      <WebResourceId>{412dc662-8ed7-ed11-a7c7-000d3a9ca686}</WebResourceId>
      <Name>msfsi_DeactivateIcon</Name>
      <DisplayName>msfsi_DeactivateIcon</DisplayName>
      <WebResourceType>11</WebResourceType>
      <IntroducedVersion>1.4.0.0</IntroducedVersion>
      <IsEnabledForMobileClient>0</IsEnabledForMobileClient>
      <IsAvailableForMobileOffline>0</IsAvailableForMobileOffline>
      <IsCustomizable>1</IsCustomizable>
      <CanBeDeleted>1</CanBeDeleted>
      <IsHidden>0</IsHidden>
      <FileName>/WebResources/msfsi_DeactivateIcon412DC662-8ED7-ED11-A7C7-000D3A9CA686</FileName>
    </WebResource>
  </WebResources>
  <CustomControls />
  <SolutionPluginAssemblies>
    <PluginAssembly FullName="Microsoft.CloudForFSI.LoanOnboardingStarterRibbon.Plugins, Version=1.0.0.0, Culture=neutral, PublicKeyToken=4722b93b1b8b19c7" PluginAssemblyId="4108ce2b-fedc-448c-86eb-2c7eafc482d2" CustomizationLevel="1">
      <IsolationMode>2</IsolationMode>
      <SourceType>0</SourceType>
      <IntroducedVersion>1.0</IntroducedVersion>
      <FileName>/PluginAssemblies/MicrosoftCloudForFSILoanOnboardingStarterRibbonPlugin-4108CE2B-FEDC-448C-86EB-2C7EAFC482D2/MicrosoftCloudForFSILoanOnboardingStarterRibbonPlugin.dll</FileName>
      <PluginTypes>
        <PluginType AssemblyQualifiedName="Microsoft.CloudForFSI.LoanOnboardingStarterRibbon.Plugins.ApplicationArchivingPlugin, Microsoft.CloudForFSI.LoanOnboardingStarterRibbon.Plugins, Version=1.0.0.0, Culture=neutral, PublicKeyToken=4722b93b1b8b19c7" PluginTypeId="e093af98-42db-4e51-a0fc-49f33ceb9192" Name="Microsoft.CloudForFSI.LoanOnboardingStarterRibbon.Plugins.ApplicationArchivingPlugin">
          <FriendlyName>2f477cb7-8a1e-4434-bc1b-c5ce2d6d3b70</FriendlyName>
        </PluginType>
      </PluginTypes>
    </PluginAssembly>
  </SolutionPluginAssemblies>
  <SdkMessageProcessingSteps>
    <SdkMessageProcessingStep Name="Microsoft.CloudForFSI.LoanOnboardingStarterRibbon.Plugins.ApplicationArchivingPlugin: Update of msfsi_application" SdkMessageProcessingStepId="{a21f49c1-badc-ed11-a7c7-000d3a57a958}">
      <SdkMessageId>20bebb1b-ea3e-db11-86a7-000a3a5473e8</SdkMessageId>
      <PluginTypeName>Microsoft.CloudForFSI.LoanOnboardingStarterRibbon.Plugins.ApplicationArchivingPlugin, Microsoft.CloudForFSI.LoanOnboardingStarterRibbon.Plugins, Version=1.0.0.0, Culture=neutral, PublicKeyToken=4722b93b1b8b19c7</PluginTypeName>
      <PluginTypeId>e093af98-42db-4e51-a0fc-49f33ceb9192</PluginTypeId>
      <PrimaryEntity>msfsi_application</PrimaryEntity>
      <AsyncAutoDelete>0</AsyncAutoDelete>
      <Description>Microsoft.CloudForFSI.LoanOnboardingStarterRibbon.Plugins.ApplicationArchivingPlugin: Update of msfsi_application</Description>
      <FilteringAttributes>statecode</FilteringAttributes>
      <InvocationSource>1</InvocationSource>
      <Mode>0</Mode>
      <Rank>1</Rank>
      <EventHandlerTypeCode>4602</EventHandlerTypeCode>
      <Stage>20</Stage>
      <IsCustomizable>1</IsCustomizable>
      <IsHidden>0</IsHidden>
      <SupportedDeployment>0</SupportedDeployment>
      <IntroducedVersion>1.0</IntroducedVersion>
      <SdkMessageProcessingStepImages />
    </SdkMessageProcessingStep>
  </SdkMessageProcessingSteps>
  <EntityDataProviders />
  <connectionreferences>
    <connectionreference connectionreferencelogicalname="msfsi_sharedcommondataserviceforapps_a6a71">
      <connectionreferencedisplayname>Microsoft Dataverse LoanOnboardingRibbon-a6a71</connectionreferencedisplayname>
      <connectorid>/providers/Microsoft.PowerApps/apis/shared_commondataserviceforapps</connectorid>
      <iscustomizable>1</iscustomizable>
      <statecode>0</statecode>
      <statuscode>1</statuscode>
    </connectionreference>
  </connectionreferences>
  <Languages>
    <Language>1033</Language>
  </Languages>
</ImportExportXml>