﻿<?xml version="1.0" encoding="utf-8"?>
<ImportExportXml version="9.2.21034.182" SolutionPackageVersion="9.2" languagecode="1033" generatedBy="CrmLive" xmlns:xsi="http://www.w3.org/2001/XMLSchema-instance">
  <SolutionManifest>
    <UniqueName>LoanOnboardingStarterRibbon</UniqueName>
    <LocalizedNames>
      <LocalizedName description="Loan Onboarding Ribbon" languagecode="1033" />
    </LocalizedNames>
    <Descriptions />
    <Version>1.4.0.0</Version>
    <Managed>0</Managed>
    <Publisher>
      <UniqueName>microsoft_fsi</UniqueName>
      <LocalizedNames>
        <LocalizedName description="Microsoft_FSI" languagecode="1033" />
      </LocalizedNames>
      <Descriptions />
      <EMailAddress xsi:nil="true"></EMailAddress>
      <SupportingWebsiteUrl xsi:nil="true"></SupportingWebsiteUrl>
      <CustomizationPrefix>msfsi</CustomizationPrefix>
      <CustomizationOptionValuePrefix>10480</CustomizationOptionValuePrefix>
      <Addresses>
        <Address>
          <AddressNumber>1</AddressNumber>
          <AddressTypeCode>1</AddressTypeCode>
          <City xsi:nil="true"></City>
          <County xsi:nil="true"></County>
          <Country xsi:nil="true"></Country>
          <Fax xsi:nil="true"></Fax>
          <FreightTermsCode xsi:nil="true"></FreightTermsCode>
          <ImportSequenceNumber xsi:nil="true"></ImportSequenceNumber>
          <Latitude xsi:nil="true"></Latitude>
          <Line1 xsi:nil="true"></Line1>
          <Line2 xsi:nil="true"></Line2>
          <Line3 xsi:nil="true"></Line3>
          <Longitude xsi:nil="true"></Longitude>
          <Name xsi:nil="true"></Name>
          <PostalCode xsi:nil="true"></PostalCode>
          <PostOfficeBox xsi:nil="true"></PostOfficeBox>
          <PrimaryContactName xsi:nil="true"></PrimaryContactName>
          <ShippingMethodCode>1</ShippingMethodCode>
          <StateOrProvince xsi:nil="true"></StateOrProvince>
          <Telephone1 xsi:nil="true"></Telephone1>
          <Telephone2 xsi:nil="true"></Telephone2>
          <Telephone3 xsi:nil="true"></Telephone3>
          <TimeZoneRuleVersionNumber xsi:nil="true"></TimeZoneRuleVersionNumber>
          <UPSZone xsi:nil="true"></UPSZone>
          <UTCOffset xsi:nil="true"></UTCOffset>
          <UTCConversionTimeZoneCode xsi:nil="true"></UTCConversionTimeZoneCode>
        </Address>
        <Address>
          <AddressNumber>2</AddressNumber>
          <AddressTypeCode>1</AddressTypeCode>
          <City xsi:nil="true"></City>
          <County xsi:nil="true"></County>
          <Country xsi:nil="true"></Country>
          <Fax xsi:nil="true"></Fax>
          <FreightTermsCode xsi:nil="true"></FreightTermsCode>
          <ImportSequenceNumber xsi:nil="true"></ImportSequenceNumber>
          <Latitude xsi:nil="true"></Latitude>
          <Line1 xsi:nil="true"></Line1>
          <Line2 xsi:nil="true"></Line2>
          <Line3 xsi:nil="true"></Line3>
          <Longitude xsi:nil="true"></Longitude>
          <Name xsi:nil="true"></Name>
          <PostalCode xsi:nil="true"></PostalCode>
          <PostOfficeBox xsi:nil="true"></PostOfficeBox>
          <PrimaryContactName xsi:nil="true"></PrimaryContactName>
          <ShippingMethodCode>1</ShippingMethodCode>
          <StateOrProvince xsi:nil="true"></StateOrProvince>
          <Telephone1 xsi:nil="true"></Telephone1>
          <Telephone2 xsi:nil="true"></Telephone2>
          <Telephone3 xsi:nil="true"></Telephone3>
          <TimeZoneRuleVersionNumber xsi:nil="true"></TimeZoneRuleVersionNumber>
          <UPSZone xsi:nil="true"></UPSZone>
          <UTCOffset xsi:nil="true"></UTCOffset>
          <UTCConversionTimeZoneCode xsi:nil="true"></UTCConversionTimeZoneCode>
        </Address>
      </Addresses>
    </Publisher>
    <RootComponents>
      <RootComponent type="1" schemaName="msfsi_application" behavior="2" />
      <RootComponent type="61" schemaName="msfsi_DeactivateIcon" behavior="0" />
      <RootComponent type="29" id="{4100f8f5-87dc-ed11-a7c7-000d3a57a958}" behavior="0" />
      <RootComponent type="61" schemaName="msfsi_ArchiveLoanApplication.js" behavior="0" />
      <RootComponent type="29" id="{a2a38135-ebda-ed11-a7c7-0022482804c6}" behavior="0" />
      <RootComponent type="91" id="{4108ce2b-fedc-448c-86eb-2c7eafc482d2}" schemaName="Microsoft.CloudForFSI.LoanOnboardingStarterRibbon.Plugins, Version=1.0.0.0, Culture=neutral, PublicKeyToken=4722b93b1b8b19c7" behavior="0" />
      <RootComponent type="92" id="{a21f49c1-badc-ed11-a7c7-000d3a57a958}" behavior="0" />
    </RootComponents>
    <MissingDependencies>
      <MissingDependency>
        <Required type="1" schemaName="msfsi_application" displayName="Application" solution="OnboardingEssentialsBase (1.4.0.0)" />
        <Dependent type="1" schemaName="msfsi_application" displayName="Application" />
      </MissingDependency>
      <MissingDependency>
        <Required type="1" schemaName="msfsi_archivereason" displayName="Archive reason" solution="CommonDataModel (1.4.0.0)" />
        <Dependent type="29" displayName="Archive Loan Application" id="{a2a38135-ebda-ed11-a7c7-0022482804c6}" />
      </MissingDependency>
      <MissingDependency>
        <Required type="2" schemaName="msfsi_applicationid" displayName="Application" parentSchemaName="msfsi_application" parentDisplayName="Application" solution="onboardingEssentialsBase (1.4.0.0)" />
        <Dependent type="29" displayName="Archive Loan Application" id="{a2a38135-ebda-ed11-a7c7-0022482804c6}" />
      </MissingDependency>
      <MissingDependency>
        <Required type="2" schemaName="msfsi_archivecomment" displayName="Archive comment" parentSchemaName="msfsi_application" parentDisplayName="Application" solution="onboardingEssentialsBase (1.4.0.0)" />
        <Dependent type="29" displayName="Archive Loan Application" id="{a2a38135-ebda-ed11-a7c7-0022482804c6}" />
      </MissingDependency>
      <MissingDependency>
        <Required type="2" schemaName="msfsi_archivedate" displayName="Archive date" parentSchemaName="msfsi_application" parentDisplayName="Application" solution="onboardingEssentialsBase (1.4.0.0)" />
        <Dependent type="29" displayName="Archive Loan Application" id="{a2a38135-ebda-ed11-a7c7-0022482804c6}" />
      </MissingDependency>
      <MissingDependency>
        <Required type="2" schemaName="msfsi_archivereason" displayName="Reason for archive" parentSchemaName="msfsi_application" parentDisplayName="Application" solution="onboardingEssentialsBase (1.4.0.0)" />
        <Dependent type="29" displayName="Archive Loan Application" id="{a2a38135-ebda-ed11-a7c7-0022482804c6}" />
      </MissingDependency>
      <MissingDependency>
        <Required type="2" schemaName="msfsi_name" displayName="Name" parentSchemaName="msfsi_application" parentDisplayName="Application" solution="onboardingEssentialsBase (1.4.0.0)" />
        <Dependent type="29" displayName="Archive Loan Application" id="{a2a38135-ebda-ed11-a7c7-0022482804c6}" />
      </MissingDependency>
      <MissingDependency>
        <Required type="2" schemaName="msfsi_archivereasonid" displayName="Archive reason" parentSchemaName="msfsi_archivereason" parentDisplayName="Archive reason" solution="CommonDataModel (1.4.0.0)" />
        <Dependent type="29" displayName="Archive Loan Application" id="{a2a38135-ebda-ed11-a7c7-0022482804c6}" />
      </MissingDependency>
      <MissingDependency>
        <Required type="2" schemaName="msfsi_name" displayName="Name" parentSchemaName="msfsi_archivereason" parentDisplayName="Archive reason" solution="CommonDataModel (1.4.0.0)" />
        <Dependent type="29" displayName="Archive Loan Application" id="{a2a38135-ebda-ed11-a7c7-0022482804c6}" />
      </MissingDependency>
    </MissingDependencies>
  </SolutionManifest>
</ImportExportXml>