<manifest><control namespace="MicrosoftPCF" constructor="DocumentIntelligenceDetailsControl" version="1.4.0" display-name-key="DocumentIntelligenceDetailsControl" description-key="DocumentIntelligenceDetailsControl description" control-type="virtual" api-version="1.3.3"><external-service-usage enabled="false" /><type-group name="Entity"><type>SingleLine.Text</type><type>Lookup.Simple</type></type-group><property name="dummy" display-name-key="Dummy_Key" description-key="Dummy_Desc_Key" of-type-group="Entity" usage="bound" required="true" /><property name="documentId" display-name-key="DOCUMENT_ID" description-key="DOCUMENT_ID_DESC" of-type-group="Entity" usage="input" required="true" /><property name="regarding" display-name-key="DOCUMENTS_REGARDING" description-key="DOCUMENTS_REGARDING_DESC" of-type="Lookup.Simple" usage="input" required="false" /><property name="showDescription" display-name-key="SHOW_DESCRIPTION" description-key="SHOW_DESCRIPTION_DESC" of-type="Enum" usage="input" default-value="0"><value name="enable" display-name-key="ENABLE" description-key="SHOW_DESCRIPTION_ENABLE_DESC">1</value><value name="disable" display-name-key="DISABLE" description-key="SHOW_DESCRIPTION_DISABLE_DESC">0</value></property><property name="showReviewStatusAsPrimaryTab" display-name-key="PRIMARY_TAB_OPTIONS" description-key="PRIMARY_TAB_OPTIONS_DETAILS" of-type="Enum" usage="input" default-value="1"><value name="extraction" display-name-key="EXTRACTION" description-key="SHOW_EXTRACTION_AS_PRIMARY_TAB">0</value><value name="review" display-name-key="REVIEW_STATUS" description-key="SHOW_REVIEW_STATUS_AS_PRIMARY_TAB">1</value></property><resources><code path="bundle.js" order="1" /><resx path="strings/DocumentIntelligenceDetailsControl.1033.resx" version="1.0.0" /><resx path="strings/DocumentIntelligenceDetailsControl.1036.resx" version="1.0.0" /><img path="error.png" /><img path="error48.png" /><img path="create.png" /><img path="error100.png" /><img path="emptyFile.png" /><platform-library name="React" version="16.8.6" /><platform-library name="Fluent" version="8.29.0" /></resources><feature-usage><uses-feature name="WebAPI" required="true" /><uses-feature name="Utility" required="true" /></feature-usage><built-by name="pac" version="1.19.4" /></control></manifest>