<solutioncomponentconfigurations>
  <solutioncomponentconfiguration entityid.logicalname="msfsi_tasknavigation">
    <fileformat>0</fileformat>
    <filescope>2</filescope>
    <iscustomizable>1</iscustomizable>
    <isdisplayable>1</isdisplayable>
    <issoftdeleteenabled>0</issoftdeleteenabled>
    <keepactivecustomizationafterconversion>0</keepactivecustomizationafterconversion>
    <name>msfsi_tasknavigation</name>
    <statecode>0</statecode>
    <statuscode>1</statuscode>
  </solutioncomponentconfiguration>
  <solutioncomponentconfiguration entityid.logicalname="msfsi_taskdefinition">
    <fileformat>0</fileformat>
    <filescope>2</filescope>
    <iscustomizable>0</iscustomizable>
    <isdisplayable>1</isdisplayable>
    <issoftdeleteenabled>0</issoftdeleteenabled>
    <keepactivecustomizationafterconversion>0</keepactivecustomizationafterconversion>
    <name>msfsi_taskdefinition</name>
    <statecode>0</statecode>
    <statuscode>1</statuscode>
  </solutioncomponentconfiguration>
  <solutioncomponentconfiguration entityid.logicalname="msfsi_taskgroup">
    <fileformat>0</fileformat>
    <filescope>2</filescope>
    <iscustomizable>1</iscustomizable>
    <isdisplayable>1</isdisplayable>
    <issoftdeleteenabled>0</issoftdeleteenabled>
    <keepactivecustomizationafterconversion>0</keepactivecustomizationafterconversion>
    <name>msfsi_taskgroup</name>
    <statecode>0</statecode>
    <statuscode>1</statuscode>
  </solutioncomponentconfiguration>
</solutioncomponentconfigurations>