<customapirequestparameter uniquename="FileType">
  <description default="The type of the file. Supported types: image/jpeg, image/png, application/pdf">
    <label description="The type of the file. Supported types: image/jpeg, image/png, application/pdf" languagecode="1033" />
  </description>
  <displayname default="File type">
    <label description="File type" languagecode="1033" />
  </displayname>
  <iscustomizable>1</iscustomizable>
  <isoptional>0</isoptional>
  <name>File type</name>
  <type>10</type>
</customapirequestparameter>