﻿<?xml version="1.0" encoding="utf-8"?>
<ImportExportXml xmlns:xsi="http://www.w3.org/2001/XMLSchema-instance">
  <Entities />
  <Roles />
  <Workflows />
  <FieldSecurityProfiles />
  <Templates />
  <EntityMaps />
  <EntityRelationships />
  <OrganizationSettings />
  <optionsets />
  <CustomControls>
    <CustomControl>
      <Name>msfsi_MicrosoftPCF.ApplicantListControl.xml</Name>
      <FileName>/Controls/msfsi_MicrosoftPCF.ApplicantListControl/ControlManifest.xml</FileName>
    </CustomControl>
    <CustomControl>
      <Name>msfsi_MicrosoftPCF.EntitySnapshotControl.xml</Name>
      <FileName>/Controls/msfsi_MicrosoftPCF.EntitySnapshotControl/ControlManifest.xml</FileName>
    </CustomControl>
    <CustomControl>
      <Name>msfsi_MicrosoftPCF.OnboardingApplicationAssetsAndLiabilitiesControl.xml</Name>
      <FileName>/Controls/msfsi_MicrosoftPCF.OnboardingApplicationAssetsAndLiabilitiesControl/ControlManifest.xml</FileName>
    </CustomControl>
    <CustomControl>
      <Name>msfsi_MicrosoftPCF.OnboardingApplicationIncomeAndExpensesControl.xml</Name>
      <FileName>/Controls/msfsi_MicrosoftPCF.OnboardingApplicationIncomeAndExpensesControl/ControlManifest.xml</FileName>
    </CustomControl>
  </CustomControls>
  <EntityDataProviders />
  <Languages>
    <Language>1033</Language>
  </Languages>
</ImportExportXml>