<customapirequestparameter uniquename="FileBody">
  <description default="The content of the file in base 64 string format.">
    <label description="The content of the file in base 64 string format." languagecode="1033" />
  </description>
  <displayname default="File body">
    <label description="File body" languagecode="1033" />
  </displayname>
  <iscustomizable>1</iscustomizable>
  <isoptional>0</isoptional>
  <name>File body</name>
  <type>10</type>
</customapirequestparameter>