<manifest><control namespace="MicrosoftPCF" constructor="DocumentIntelligenceControl" version="1.4.0" display-name-key="DocumentIntelligenceControl" description-key="DocumentIntelligenceControl description" control-type="standard" api-version="1.3.3"><external-service-usage enabled="false" /><type-group name="Lookup"><type>Lookup.Customer</type><type>Lookup.Simple</type></type-group><type-group name="TextOrLookup"><type>SingleLine.Text</type><type>Lookup.Simple</type></type-group><type-group name="Role"><type>SingleLine.Text</type><type>Lookup.Simple</type><type>OptionSet</type></type-group><data-set name="documents" display-name-key="DOCUMENTS_CONTROL_DATASET_NAME" cds-data-set-options="displayCommandBar:false;displayQuickFind:false" /><data-set name="regardingList" display-name-key="REGARDING_DATASET_NAME"><property-set name="regardingName" display-name-key="REGARDING_NAME" description-key="REGARDING_NAME_DESC" of-type-group="TextOrLookup" usage="bound" required="true" /><property-set name="regardingContext" display-name-key="REGARDING_CONTEXT" description-key="REGARDING_CONTEXT_DESC" of-type-group="Lookup" usage="bound" required="false" /><property-set name="regardingRole" display-name-key="REGARDING_ROLE" description-key="REGARDING_ROLE_DESC" of-type-group="Role" usage="bound" required="false" /><property-set name="regardingIsPrimary" display-name-key="REGARDING_IS_PRIMARY" description-key="REGARDING_IS_PRIMARY_DESC" of-type="TwoOptions" usage="bound" required="false" /></data-set><property name="contextId" display-name-key="CONTEXT_ID" description-key="CONTEXT_ID_DESC" of-type-group="TextOrLookup" usage="input" required="false" /><property name="businessContext" display-name-key="BUSINESS_SCENARIO" description-key="BUSINESS_SCENARIO_DESC" of-type="SingleLine.Text" usage="input" required="false" /><property name="showDescription" display-name-key="SHOW_DESCRIPTION" description-key="SHOW_DESCRIPTION_DESC" of-type="Enum" usage="input" default-value="0"><value name="enable" display-name-key="ENABLE" description-key="SHOW_DESCRIPTION_ENABLE_DESC">1</value><value name="disable" display-name-key="DISABLE" description-key="SHOW_DESCRIPTION_DISABLE_DESC">0</value></property><property name="showReviewStatusAsPrimaryTab" display-name-key="PRIMARY_TAB_OPTIONS" description-key="PRIMARY_TAB_OPTIONS_DETAILS" of-type="Enum" usage="input" default-value="1"><value name="extraction" display-name-key="EXTRACTION" description-key="SHOW_EXTRACTION_AS_PRIMARY_TAB">0</value><value name="review" display-name-key="REVIEW_STATUS" description-key="SHOW_REVIEW_STATUS_AS_PRIMARY_TAB">1</value></property><property name="newDocumentForm" display-name-key="NEW_DOCUMENT_FORM" description-key="NEW_DOCUMENT_FORM_DESC" of-type="SingleLine.Text" usage="input" required="false" /><resources><code path="bundle.js" order="1" /><resx path="strings/DocumentIntelligenceControl.1033.resx" version="1.0.0" /><resx path="strings/DocumentIntelligenceControl.1036.resx" version="1.0.0" /><css path="DocumentIntelligenceControl.css" order="1" /><img path="error.png" /><img path="error48.png" /><img path="error100.png" /><img path="emptyFile.png" /></resources><feature-usage><uses-feature name="WebAPI" required="true" /><uses-feature name="Utility" required="true" /></feature-usage><built-by name="pac" version="1.19.4" /></control></manifest>