﻿<?xml version="1.0" encoding="utf-8"?>
<ImportExportXml version="9.2.23021.198" SolutionPackageVersion="9.2" languagecode="1033" generatedBy="CrmLive" xmlns:xsi="http://www.w3.org/2001/XMLSchema-instance">
  <SolutionManifest>
    <UniqueName>LoanOnboardingStarterDataModel</UniqueName>
    <LocalizedNames>
      <LocalizedName description="Loan Onboarding Data Model" languagecode="1033" />
    </LocalizedNames>
    <Descriptions />
    <Version>1.4.0.0</Version>
    <Managed>0</Managed>
    <Publisher>
      <UniqueName>microsoft_fsi</UniqueName>
      <LocalizedNames>
        <LocalizedName description="Microsoft_FSI" languagecode="1033" />
      </LocalizedNames>
      <Descriptions>
        <Description description="Microsoft_FSI" languagecode="1033" />
      </Descriptions>
      <EMailAddress xsi:nil="true"></EMailAddress>
      <SupportingWebsiteUrl xsi:nil="true"></SupportingWebsiteUrl>
      <CustomizationPrefix>msfsi</CustomizationPrefix>
      <CustomizationOptionValuePrefix>10480</CustomizationOptionValuePrefix>
      <Addresses>
        <Address>
          <AddressNumber>1</AddressNumber>
          <AddressTypeCode>1</AddressTypeCode>
          <City xsi:nil="true"></City>
          <County xsi:nil="true"></County>
          <Country xsi:nil="true"></Country>
          <Fax xsi:nil="true"></Fax>
          <FreightTermsCode xsi:nil="true"></FreightTermsCode>
          <ImportSequenceNumber xsi:nil="true"></ImportSequenceNumber>
          <Latitude xsi:nil="true"></Latitude>
          <Line1 xsi:nil="true"></Line1>
          <Line2 xsi:nil="true"></Line2>
          <Line3 xsi:nil="true"></Line3>
          <Longitude xsi:nil="true"></Longitude>
          <Name xsi:nil="true"></Name>
          <PostalCode xsi:nil="true"></PostalCode>
          <PostOfficeBox xsi:nil="true"></PostOfficeBox>
          <PrimaryContactName xsi:nil="true"></PrimaryContactName>
          <ShippingMethodCode>1</ShippingMethodCode>
          <StateOrProvince xsi:nil="true"></StateOrProvince>
          <Telephone1 xsi:nil="true"></Telephone1>
          <Telephone2 xsi:nil="true"></Telephone2>
          <Telephone3 xsi:nil="true"></Telephone3>
          <TimeZoneRuleVersionNumber xsi:nil="true"></TimeZoneRuleVersionNumber>
          <UPSZone xsi:nil="true"></UPSZone>
          <UTCOffset xsi:nil="true"></UTCOffset>
          <UTCConversionTimeZoneCode xsi:nil="true"></UTCConversionTimeZoneCode>
        </Address>
        <Address>
          <AddressNumber>2</AddressNumber>
          <AddressTypeCode>1</AddressTypeCode>
          <City xsi:nil="true"></City>
          <County xsi:nil="true"></County>
          <Country xsi:nil="true"></Country>
          <Fax xsi:nil="true"></Fax>
          <FreightTermsCode xsi:nil="true"></FreightTermsCode>
          <ImportSequenceNumber xsi:nil="true"></ImportSequenceNumber>
          <Latitude xsi:nil="true"></Latitude>
          <Line1 xsi:nil="true"></Line1>
          <Line2 xsi:nil="true"></Line2>
          <Line3 xsi:nil="true"></Line3>
          <Longitude xsi:nil="true"></Longitude>
          <Name xsi:nil="true"></Name>
          <PostalCode xsi:nil="true"></PostalCode>
          <PostOfficeBox xsi:nil="true"></PostOfficeBox>
          <PrimaryContactName xsi:nil="true"></PrimaryContactName>
          <ShippingMethodCode>1</ShippingMethodCode>
          <StateOrProvince xsi:nil="true"></StateOrProvince>
          <Telephone1 xsi:nil="true"></Telephone1>
          <Telephone2 xsi:nil="true"></Telephone2>
          <Telephone3 xsi:nil="true"></Telephone3>
          <TimeZoneRuleVersionNumber xsi:nil="true"></TimeZoneRuleVersionNumber>
          <UPSZone xsi:nil="true"></UPSZone>
          <UTCOffset xsi:nil="true"></UTCOffset>
          <UTCConversionTimeZoneCode xsi:nil="true"></UTCConversionTimeZoneCode>
        </Address>
      </Addresses>
    </Publisher>
    <RootComponents>
      <RootComponent type="1" schemaName="msfsi_application" behavior="1" />
      <RootComponent type="1" schemaName="msfsi_applicationcollateral" behavior="0" />
      <RootComponent type="1" schemaName="msfsi_loan_application" behavior="0" />
      <RootComponent type="1" schemaName="msfsi_loan_applicationcollateral" behavior="0" />
      <RootComponent type="1" schemaName="msfsi_loan_applicationcollateralvaluation" behavior="0" />
      <RootComponent type="9" schemaName="msfsi_businessscenario" behavior="0" />
      <RootComponent type="9" schemaName="msfsi_loantype" behavior="0" />
      <RootComponent type="1" schemaName="msfsi_loanbusinessprocessflow" behavior="0" />
      <RootComponent type="29" id="{037a707e-1bb8-ed11-83fe-000d3a179469}" behavior="0" />
    </RootComponents>
    <MissingDependencies>
      <MissingDependency>
        <Required type="1" schemaName="msfsi_application" displayName="Application" solution="OnboardingEssentialsBase (1.4.0.0)" />
        <Dependent type="1" schemaName="msfsi_application" displayName="Application" />
      </MissingDependency>
      <MissingDependency>
        <Required type="1" schemaName="msfsi_application" displayName="Application" solution="OnboardingEssentialsBase (1.4.0.0)" />
        <Dependent type="10" schemaName="msfsi_msfsi_loan_applicationcollateral_loanappl" displayName="msfsi_msfsi_loan_applicationcollateral_loanappl" parentSchemaName="msfsi_application" parentDisplayName="Application" />
      </MissingDependency>
      <MissingDependency>
        <Required type="1" schemaName="msfsi_application" displayName="Application" solution="OnboardingEssentialsBase (1.4.0.0)" />
        <Dependent type="2" schemaName="msfsi_detailsid" displayName="Details" parentSchemaName="msfsi_application" parentDisplayName="Application" />
      </MissingDependency>
      <MissingDependency>
        <Required type="2" schemaName="msfsi_applicationid" displayName="Application" parentSchemaName="msfsi_application" parentDisplayName="Application" solution="OnboardingEssentialsBase (1.4.0.0)" />
        <Dependent type="10" schemaName="msfsi_msfsi_loan_applicationcollateral_loanappl" displayName="msfsi_msfsi_loan_applicationcollateral_loanappl" parentSchemaName="msfsi_application" parentDisplayName="Application" />
      </MissingDependency>
      <MissingDependency>
        <Required type="2" schemaName="msfsi_detailsid" displayName="Details" parentSchemaName="msfsi_application" parentDisplayName="Application" solution="OnboardingEssentialsBase (1.4.0.0)" />
        <Dependent type="2" schemaName="msfsi_detailsid" displayName="Details" parentSchemaName="msfsi_application" parentDisplayName="Application" />
      </MissingDependency>
      <MissingDependency>
        <Required type="2" schemaName="msfsi_detailsididtype" parentSchemaName="msfsi_application" parentDisplayName="Application" solution="OnboardingEssentialsBase (1.4.0.0)" />
        <Dependent type="2" schemaName="msfsi_detailsid" displayName="Details" parentSchemaName="msfsi_application" parentDisplayName="Application" />
      </MissingDependency>
      <MissingDependency>
        <Required type="2" schemaName="msfsi_detailsidname" parentSchemaName="msfsi_application" parentDisplayName="Application" solution="OnboardingEssentialsBase (1.4.0.0)" />
        <Dependent type="2" schemaName="msfsi_detailsid" displayName="Details" parentSchemaName="msfsi_application" parentDisplayName="Application" />
      </MissingDependency>
      <MissingDependency>
        <Required type="2" schemaName="msfsi_name" displayName="Name" parentSchemaName="msfsi_application" parentDisplayName="Application" solution="OnboardingEssentialsBase (1.4.0.0)" />
        <Dependent type="10" schemaName="msfsi_msfsi_loan_applicationcollateral_loanappl" displayName="msfsi_msfsi_loan_applicationcollateral_loanappl" parentSchemaName="msfsi_application" parentDisplayName="Application" />
      </MissingDependency>
      <MissingDependency>
        <Required type="9" schemaName="msfsi_businessscenario" displayName="Business scenario" solution="CommonDataModel (1.4.0.0)" />
        <Dependent type="9" schemaName="msfsi_businessscenario" displayName="Business scenario" />
      </MissingDependency>
      <MissingDependency>
        <Required type="2" schemaName="msfsi_applicationid" displayName="Application" parentSchemaName="msfsi_application" parentDisplayName="Application" solution="Active" />
        <Dependent type="10" schemaName="bpf_msfsi_application_msfsi_loanbusinessprocessflow" displayName="bpf_msfsi_application_msfsi_loanbusinessprocessflow" parentSchemaName="msfsi_application" parentDisplayName="Application" />
      </MissingDependency>
      <MissingDependency>
        <Required type="2" schemaName="msfsi_applicationid" displayName="Application" parentSchemaName="msfsi_application" parentDisplayName="Application" solution="Active" />
        <Dependent type="26" schemaName="Active Loan business process flow on my Applications" displayName="Active Loan business process flow on my Applications" parentSchemaName="msfsi_loanbusinessprocessflow" parentDisplayName="Loan business process flow" id="{04c01475-9750-427f-9219-12ae3d450ea1}" />
      </MissingDependency>
      <MissingDependency>
        <Required type="2" schemaName="msfsi_applicationid" displayName="Application" parentSchemaName="msfsi_application" parentDisplayName="Application" solution="Active" />
        <Dependent type="26" schemaName="Inactive Loan business process flow on my Applications" displayName="Inactive Loan business process flow on my Applications" parentSchemaName="msfsi_loanbusinessprocessflow" parentDisplayName="Loan business process flow" id="{53203b54-fd76-486b-be2a-79f88eba0e32}" />
      </MissingDependency>
      <MissingDependency>
        <Required type="2" schemaName="msfsi_applicationid" displayName="Application" parentSchemaName="msfsi_application" parentDisplayName="Application" solution="Active" />
        <Dependent type="29" displayName="Loan application" id="{037a707e-1bb8-ed11-83fe-000d3a179469}" />
      </MissingDependency>
      <MissingDependency>
        <Required type="2" schemaName="msfsi_name" displayName="Name" parentSchemaName="msfsi_application" parentDisplayName="Application" solution="Active" />
        <Dependent type="10" schemaName="bpf_msfsi_application_msfsi_loanbusinessprocessflow" displayName="bpf_msfsi_application_msfsi_loanbusinessprocessflow" parentSchemaName="msfsi_application" parentDisplayName="Application" />
      </MissingDependency>
      <MissingDependency>
        <Required type="2" schemaName="msfsi_name" displayName="Name" parentSchemaName="msfsi_application" parentDisplayName="Application" solution="Active" />
        <Dependent type="29" displayName="Loan application" id="{037a707e-1bb8-ed11-83fe-000d3a179469}" />
      </MissingDependency>
      <MissingDependency>
        <Required type="2" schemaName="ownerid" displayName="Owner" parentSchemaName="msfsi_application" parentDisplayName="Application" solution="Active" />
        <Dependent type="26" schemaName="Active Loan business process flow on my Applications" displayName="Active Loan business process flow on my Applications" parentSchemaName="msfsi_loanbusinessprocessflow" parentDisplayName="Loan business process flow" id="{04c01475-9750-427f-9219-12ae3d450ea1}" />
      </MissingDependency>
      <MissingDependency>
        <Required type="2" schemaName="ownerid" displayName="Owner" parentSchemaName="msfsi_application" parentDisplayName="Application" solution="Active" />
        <Dependent type="26" schemaName="Inactive Loan business process flow on my Applications" displayName="Inactive Loan business process flow on my Applications" parentSchemaName="msfsi_loanbusinessprocessflow" parentDisplayName="Loan business process flow" id="{53203b54-fd76-486b-be2a-79f88eba0e32}" />
      </MissingDependency>
      <MissingDependency>
        <Required type="2" schemaName="statecode" displayName="Status" parentSchemaName="msfsi_application" parentDisplayName="Application" solution="Active" />
        <Dependent type="29" displayName="Loan application" id="{037a707e-1bb8-ed11-83fe-000d3a179469}" />
      </MissingDependency>
      <MissingDependency>
        <Required type="2" schemaName="statecode" displayName="Status" parentSchemaName="msfsi_application" parentDisplayName="Application" solution="Active" />
        <Dependent type="60" displayName="Information" parentDisplayName="Loan business process flow" id="{312ea038-9c0a-4d5a-b31c-149d5aaaa3a7}" />
      </MissingDependency>
    </MissingDependencies>
  </SolutionManifest>
</ImportExportXml>